day,path,title_actual,title_line,objectives_status,objectives,prerequisites_inferred,section_evidence,exercise_evidence,ascii_evidence,figure_count,coverage_observed,gap_or_review_need,advanced_links,review_status
D01,week1/day01.html,"Điện Áp, Dòng Điện, GND & Mạch Điện",58,HTML .objectives-list,"Hiểu điện áp là gì và tại sao nó luôn là đại lượng tương đối | Phân biệt điện áp (V) và dòng điện (A) — hai khái niệm thường bị nhầm lẫn | Hiểu GND là điểm tham chiếu, không phải ""âm tuyệt đối"" | Phân biệt DC và AC — thực hành với nguồn DC điện áp thấp trong phạm vi bài học | Hiểu mạch kín/mạch hở và tại sao mạch hở không có dòng | Đo điện áp bằng multimeter đúng kỹ thuật | Hiểu khái niệm điện tích, electron và cơ chế dẫn điện ở mức trực giác | Biết tại sao đơn vị Volt, Ampere, Ohm được đặt theo tên người",—,L94 Dụng cụ và linh kiện bài này | L112 1. Điện tử là gì? Tại sao cần học từ đầu? | L128 2. Điện tích và electron — nền tảng của mọi thứ | L151 3. Điện áp (Voltage) — đại lượng quan trọng nhất | L229 4. Dòng điện (Current) — sự chuyển động có hướng của điện tích | L301 5. GND — Điểm tham chiếu của toàn bộ mạch | L339 6. DC và AC — Hai loại điện căn bản | L377 7. Mạch kín và mạch hở | L413 8. Đo điện áp bằng multimeter | L566 9. Debug — Bảng lỗi thường gặp | L617 10. Sai lầm tư duy cần tránh ngay từ đầu | L843 Tài liệu tham khảo Bài 1,"16 mục .exercise-item; 1 nút đáp án; đề mục: L652 📝 Bài tập Bài 1, L656 A. Trắc nghiệm (10 câu × 2 điểm = 20 điểm), L727 B. Tự luận (5 câu × 8 điểm = 40 điểm)","L184,L267,L324,L358,L383",3,Nền tảng điện áp dòng điện GND DC AC và đo V,Bốn sơ đồ ký tự về pin dòng GND AC/DC cần vẽ lại và soát định nghĩa tham chiếu,"A09,A15",Kiểm kê cấu trúc; cần duyệt học thuật và an toàn
D02,week1/day02.html,Breadboard & Multimeter — Hai Công Cụ Không Thể Thiếu,50,HTML .objectives-list,Hiểu cấu tạo bên trong breadboard: lỗ nào được nối với nhau | Phân biệt rail nguồn (power rail) và vùng linh kiện (terminal strip) | Hiểu tại sao rãnh giữa chia đôi breadboard và không nối nhau | Dùng multimeter đo continuity (thông mạch) để kiểm tra kết nối | Đo điện trở (Ω) bằng multimeter chính xác | Phát hiện các kết nối sai trên breadboard bằng continuity test | Hiểu điện trở tiếp xúc và ảnh hưởng đến mạch | Kỹ thuật cắm linh kiện đúng cách trên breadboard,D01,L84 Dụng cụ và linh kiện bài này | L102 1. Breadboard — Bàn thực nghiệm không cần hàn | L182 2. Đo continuity (thông mạch) — kỹ năng debug số 1 | L237 3. Đo điện trở bằng multimeter | L300 4. Kỹ thuật sử dụng breadboard hiệu quả | L364 5. Thực hành: Xây dựng và kiểm tra mạch LED đầu tiên | L444 6. Debug — Bảng lỗi thực hành Bài 2,"6 mục .exercise-item; 1 nút đáp án; đề mục: L484 📝 Bài tập Bài 2, L487 A. Trắc nghiệm (5 câu), L521 B. Thực hành nâng cao","L112,L403",2,Breadboard và đồng hồ có bài đo thông mạch,Sơ đồ 830 lỗ ASCII chưa diễn tả trực quan nhóm nối và biến thể rail,A08,Kiểm kê cấu trúc; cần duyệt học thuật và an toàn
D03,week1/day03.html,Điện Trở & Mã Màu,24,HTML .objectives-list,"Đọc mã màu 4 vạch và 5 vạch chính xác | Hiểu sai số (tolerance) ±1%, ±5%, ±10% | Phân biệt điện trở carbon film và metal film | Tính dải giá trị thực tế từ giá trị danh định và sai số | Đo điện trở bằng multimeter và so sánh với mã màu | Hiểu tại sao điện trở không phải lý tưởng: điện trở ký sinh, nhiệt độ | Chọn điện trở phù hợp từ bộ điện trở thông dụng (E12, E24) | Đọc nhãn trên điện trở SMD","D01,D02","L63 Dụng cụ và linh kiện | L76 1. Điện trở — Linh kiện thụ động số một | L110 2. Mã màu điện trở — Hệ thống đọc giá trị | L209 3. Sai số, giá trị danh định và giá trị thực tế | L260 4. Đọc nhãn điện trở SMD | L284 5. Thực hành: Đo và phân loại bộ điện trở | L311 6. Debug — Lỗi thường gặp khi đọc mã màu","8 mục .exercise-item; 1 nút đáp án; đề mục: L343 📝 Bài tập Bài 3, L345 A. Đọc mã màu (8 câu × 5 điểm), L353 B. Tính sai số (3 câu × 10 điểm)","L84,L147,L179",2,Điện trở cố định mã màu SMD sai số và đo,Có nhiều loại nhưng thiếu tuyến so sánh thông số và chọn loại theo ứng dụng,"A01,A02",Kiểm kê cấu trúc; cần duyệt học thuật và an toàn
D04,week1/day04.html,LED & Điện Trở Hạn Dòng,24,HTML .objectives-list,"Hiểu LED là gì và tại sao khác điện trở về mặt vật lý | Hiểu điện áp thuận (V_f — Forward Voltage) và ý nghĩa | Tính điện trở hạn dòng cho LED theo định luật Ohm | Biết dòng LED điển hình (10–20 mA) và ảnh hưởng đến độ sáng | Phân biệt màu LED với giá trị V_f khác nhau | Đo V_f thực tế bằng multimeter chế độ diode | Hiểu tại sao cùng điện trở nhưng LED sáng khác nhau ở nguồn 3,3V vs 5V | Lắp và đo mạch LED hoàn chỉnh, tính toán đối chiếu thực tế","D01,D02,D03",L63 Dụng cụ và linh kiện | L83 1. LED — Light Emitting Diode | L118 2. Điện áp thuận V_f và định luật Ohm cho mạch LED | L203 3. Đo V_f bằng chế độ Diode trên multimeter | L232 4. Thực hành: Lắp và đo mạch LED với nhiều giá trị R | L264 5. Công suất điện trở — Đừng làm cháy điện trở | L289 6. Debug — Lỗi phổ biến với LED,"5 mục .exercise-item; 1 nút đáp án; đề mục: L313 📝 Bài tập Bài 4, L316 A. Tính điện trở hạn dòng (5 câu × 8 điểm)",L91,2,LED điện áp thuận hạn dòng công suất và lắp,Cần đối chiếu mạch thực với thông số diode LED cụ thể và trạng thái nhiệt,A05,Kiểm kê cấu trúc; cần duyệt học thuật và an toàn
D05,week1/day05.html,Mạch Nối Tiếp & Song Song,24,HTML .objectives-list,Tính điện trở tương đương mạch nối tiếp (tổng cộng) | Tính điện trở tương đương mạch song song (nghịch đảo) | Biết đặc tính dòng trong mạch nối tiếp (dòng bằng nhau) | Biết đặc tính áp trong mạch song song (áp bằng nhau) | Đo và xác nhận các đặc tính trên bằng multimeter | Giải mạch hỗn hợp (series-parallel combination) | Hiểu ứng dụng thực tế: tại sao bóng đèn nhà mắc song song với nguồn điện | Tính công suất trong mạch nối tiếp và song song,"D01,D03",L54 Dụng cụ | L70 1. Mạch nối tiếp (Series Circuit) | L104 2. Mạch song song (Parallel Circuit) | L153 3. Bảng so sánh nối tiếp vs song song | L174 4. Mạch hỗn hợp (Series-Parallel) | L211 5. Thực hành đo kiểm | L236 6. Debug,"5 mục .exercise-item; 1 nút đáp án; đề mục: L250 📝 Bài tập Bài 5, L252 A. Tính toán (5 câu)","L76,L110,L180",1,Nối tiếp song song hỗn hợp và đo,Cần chuyển từ quy tắc ví dụ sang mô hình nút và giải mạng nhiều nhánh,"A09,A10",Kiểm kê cấu trúc; cần duyệt học thuật và an toàn
D06,week1/day06.html,"Cầu Chia Áp, KVL & KCL",24,HTML .objectives-list,"Phát biểu và áp dụng KVL (Kirchhoff's Voltage Law) | Phát biểu và áp dụng KCL (Kirchhoff's Current Law) | Tính toán cầu chia áp (voltage divider) cho bất kỳ cặp R nào | Hiểu tại sao cầu chia áp bị ""sụt áp"" khi nối tải (loading effect) | Ứng dụng cầu chia áp: đọc cảm biến LDR, NTC thermistor | Xác nhận KVL và KCL bằng đo thực tế | Debug mạch bằng KVL: tìm điểm hở từ điện áp đo được","D03,D05","L53 Dụng cụ | L69 1. KVL — Kirchhoff's Voltage Law (Định luật điện áp Kirchhoff) | L106 2. KCL — Kirchhoff's Current Law (Định luật dòng điện Kirchhoff) | L134 3. Cầu chia áp — Voltage Divider | L194 4. Ứng dụng: Cầu chia áp đọc cảm biến LDR | L228 5. Thực hành: Xác nhận KVL, KCL và cầu chia áp | L264 6. Debug với KVL","5 mục .exercise-item; 1 nút đáp án; đề mục: L279 📝 Bài tập Bài 6, L281 A. KVL và cầu chia áp (5 câu)","L85,L119,L138,L172,L200",1,KVL KCL cầu chia áp và đo,Có định luật nền nhưng thiếu phương pháp nút vòng có quy trình và nghiệm kiểm,"A09,A10",Kiểm kê cấu trúc; cần duyệt học thuật và an toàn
D07,week1/day07.html,Ôn Tập Tuần 1 & Mini Project: Mạch LED Đa Màu,28,HTML .objectives-list,"Ôn tập và tự kiểm tra toàn bộ kiến thức Tuần 1 | Thiết kế mạch LED 4 màu từ yêu cầu đến sơ đồ đến thực hành | Tính toán R hạn dòng cho từng LED với nguồn 3,3V (ESP32) | Lắp mạch hoàn chỉnh trên breadboard | Kiểm tra từng kết nối bằng continuity trước khi cấp điện | Đo điện áp và dòng kiểm chứng từng nhánh LED | Nối mạch vào GPIO ESP32 và bật/tắt LED bằng code cơ bản | Viết báo cáo debug theo format kỹ thuật",D01-D06,L63 1. Ôn tập nhanh — Kiến thức Tuần 1 | L89 2. Mini Project: Mạch LED 4 Màu với GPIO ESP32 | L304 3. Viết báo cáo debug theo format kỹ thuật | L331 4. Tổng kết Tuần 1 — Những gì bạn đã học được | L403 Sơ đồ tổng hợp Bài 7,"10 mục .exercise-item; 1 nút đáp án; đề mục: L357 📝 Kiểm tra cuối Tuần 1, L359 Câu hỏi tổng hợp (10 câu, không nhìn tài liệu)",L154,2,Ôn tập và project LED ESP32,Cần rà pinout board và bảng đánh giá từ mục tiêu bài 1-6,A24,Kiểm kê cấu trúc; cần duyệt học thuật và an toàn
D08,week2/day08.html,Tụ Điện & Điện Dung,24,HTML .objectives-list,"Hiểu tụ điện lưu trữ năng lượng bằng điện trường giữa hai bản cực | Hiểu điện dung (Capacitance) và đơn vị Farad | Phân biệt tụ phân cực (electrolytic) và không phân cực (ceramic, film) | Đọc ký hiệu trên thân tụ: giá trị, điện áp định mức, phân cực | Hiểu tại sao không được cắm tụ điện phân cực ngược chiều | Đọc ký hiệu mã số 3 chữ số trên tụ gốm | Hiểu ứng dụng cơ bản: decoupling, bulk storage, lọc nhiễu | Đo và kiểm tra tụ điện bằng multimeter","D01,D03,D06",L63 Dụng cụ và linh kiện | L80 1. Tụ điện — Linh kiện lưu trữ năng lượng điện trường | L133 2. Phân loại tụ điện thông dụng | L194 3. Điện áp định mức — Voltage Rating | L211 4. Ứng dụng tụ điện trong mạch thực tế | L251 5. Thực hành: Nhận biết và kiểm tra tụ điện | L276 6. Debug — Lỗi thường gặp với tụ điện,"5 mục .exercise-item; 1 nút đáp án; đề mục: L292 📝 Bài tập Bài 8, L294 A. Đọc thông số tụ điện","L88,L151,L219",2,Tụ điện phân loại định mức ứng dụng và đo,Cần thêm ESR leakage dielectric derating tuổi thọ và chọn theo datasheet,"A03,A04",Kiểm kê cấu trúc; cần duyệt học thuật và an toàn
D09,week2/day09.html,Mạch RC — Nạp & Xả Tụ Điện,24,HTML .objectives-list,Hiểu mạch RC là gì và cách dòng/áp thay đổi theo thời gian | Tính hằng số thời gian τ (tau) = R × C | Đọc và hiểu đường cong nạp/xả tụ hàm mũ | Tính điện áp tụ tại thời điểm bất kỳ: V(t) = V_f × (1 – e^(–t/τ)) | Biết quy tắc 5τ: sau 5τ coi như nạp/xả hoàn toàn | Quan sát nạp/xả tụ thực tế bằng multimeter | Ứng dụng RC: bộ lọc thông thấp (Low-Pass Filter) cơ bản | Hiểu tần số cắt (cutoff frequency) của RC filter,"D05,D06,D08",L54 Dụng cụ | L71 1. Mạch RC — Tại sao tụ không nạp tức thì? | L89 2. Hằng số thời gian τ (Tau) | L138 3. RC Low-Pass Filter — Lọc thông thấp | L182 4. Thực hành: Quan sát nạp/xả tụ bằng multimeter,"5 mục .exercise-item; 1 nút đáp án; đề mục: L212 📝 Bài tập Bài 9, L214 Tính toán mạch RC (5 câu)",L75,1,RC nạp xả tau lọc thấp và đo,Cần bổ sung giới hạn mô hình và bài giải quá độ có điều kiện đầu,A13,Kiểm kê cấu trúc; cần duyệt học thuật và an toàn
D10,week2/day10.html,Cuộn Cảm & Mạch RL,24,HTML .objectives-list,"Hiểu cuộn cảm lưu trữ năng lượng trong từ trường | Hiểu điện cảm (Inductance) và đơn vị Henry (H) | Hiểu tính chất ""chống thay đổi dòng điện đột ngột"" của cuộn cảm | Tính cảm kháng X_L = 2π × f × L | So sánh cuộn cảm với tụ điện về tần số đáp ứng | Phân biệt các loại cuộn cảm thông dụng: toroid, drum, ferrite bead | Hiểu ứng dụng: EMI filter, power inductor trong DC-DC converter | Cảnh báo: hiện tượng voltage spike khi ngắt dòng qua cuộn cảm","D05,D06,D08","L63 Dụng cụ | L77 1. Cuộn cảm — Linh kiện ""chống thay đổi dòng"" | L110 2. Cảm kháng — Inductive Reactance (X_L) | L144 3. Phân loại cuộn cảm thông dụng | L159 4. ⚠️ Voltage Spike — Nguy hiểm khi ngắt dòng cuộn cảm","4 mục .exercise-item; 1 nút đáp án; đề mục: L196 📝 Bài tập Bài 10, L198 Cảm kháng và ứng dụng (4 câu)","L83,L166",2,Cuộn cảm RL cảm kháng loại và spike,Cần mở rộng bão hòa DCR lõi ferrite biến áp chọn loại và thử nghiệm,"A06,A13",Kiểm kê cấu trúc; cần duyệt học thuật và an toàn
D11,week2/day11.html,Diode — Nguyên Lý & Ứng Dụng,24,HTML .objectives-list,"Hiểu diode là gì và tại sao chỉ dẫn dòng một chiều | Phân biệt phân cực thuận (forward bias) và nghịch (reverse bias) | Hiểu và đọc đặc tuyến I-V của diode | Biết điện áp thuận V_f và điện áp đánh thủng V_BR | Phân biệt các loại diode: 1N4007, 1N4148, Schottky, Zener | Lắp mạch chỉnh lưu bán sóng và toàn sóng (cầu diode) | Ứng dụng: bảo vệ cực tính, clamping, chỉnh lưu nguồn | Đo và kiểm tra diode bằng multimeter chế độ diode","D04,D06,D10",L54 Dụng cụ và linh kiện | L71 1. Diode — Cấu tạo và nguyên lý hoạt động | L107 2. Các loại diode thông dụng | L128 3. Mạch chỉnh lưu — Rectifier | L181 4. Thực hành: Đo diode và lắp mạch bảo vệ cực tính | L205 5. Debug — Lỗi thường gặp với diode,"5 mục .exercise-item; 1 nút đáp án; đề mục: L221 📝 Bài tập Bài 11, L223 Diode và mạch chỉnh lưu (5 câu)","L75,L132,L146",1,Diode loại chỉnh lưu bảo vệ cực tính và đo,Cần bảng phân biệt chỉnh lưu Schottky Zener TVS LED switching với giới hạn linh kiện,A05,Kiểm kê cấu trúc; cần duyệt học thuật và an toàn
D12,week2/day12.html,Diode Zener & Mạch Ổn Áp,24,HTML .objectives-list,"Hiểu tại sao Zener hoạt động ở phân cực nghịch (ngược với diode thường) | Hiểu điện áp Zener V_Z và cách chọn đúng giá trị | Tính điện trở hạn dòng cho mạch ổn áp Zener | Phân tích và mô phỏng mạch ổn áp Zener; chỉ lắp và đo khi đã xác minh linh kiện, nguồn và an toàn | Hiểu giới hạn công suất của Zener (P_max = V_Z × I_Z) | Ứng dụng: tạo điện áp tham chiếu 3,3V từ nguồn 5V | Ứng dụng: bảo vệ quá áp (overvoltage protection) | So sánh Zener với IC ổn áp 7805/LM317","D06,D11",L54 Dụng cụ và linh kiện | L70 1. Diode Zener — Breakdown có kiểm soát | L101 2. Tính điện trở hạn dòng R_s cho mạch Zener | L139 3. Ứng dụng bảo vệ quá áp | L173 4. Thực hành: Lắp và đo mạch ổn áp Zener,"4 mục .exercise-item; 1 nút đáp án; đề mục: L201 📝 Bài tập Bài 12, L203 Zener và mạch ổn áp (4 câu)","L76,L141",1,Zener ổn áp hạn dòng và đo,Cần xét công suất động trở dải dòng và đối chiếu datasheet,"A05,A07",Kiểm kê cấu trúc; cần duyệt học thuật và an toàn
D13,week2/day13.html,Nguồn DC & IC Ổn Áp Tuyến Tính,24,HTML .objectives-list,"Hiểu tại sao cần IC ổn áp — adapter không phải nguồn DC lý tưởng | Phân biệt ổn áp tuyến tính thường, LDO và ổn áp chuyển mạch | Đọc và hiểu datasheet IC LM7805 và AMS1117-3.3 | Thiết kế mạch nguồn 5V và 3,3V theo datasheet | Hiểu dropout voltage và tại sao LDO quan trọng với nguồn pin | Tính công suất tiêu tán nhiệt của IC LDO | Lập sơ đồ và kế hoạch đo nguồn 5 V/3,3 V; chỉ lắp khi đã chốt part/package và duyệt mạch | So sánh hiệu suất LDO vs buck converter","D08,D11,D12","L54 Dụng cụ và linh kiện | L71 1. Tại sao adapter 5V không phải nguồn DC lý tưởng? | L78 2. LDO vs Switching Regulator | L95 3. IC LM7805 — Ổn áp 5V cổ điển | L148 4. IC AMS1117-3.3 — LDO 3,3V cho ESP32/Arduino | L187 5. Thực hành: Lắp mạch nguồn 5V và 3,3V","4 mục .exercise-item; 1 nút đáp án; đề mục: L203 📝 Bài tập Bài 13, L205 IC LDO và thiết kế nguồn (4 câu)","L97,L150",1,Adapter LDO LM7805 AMS1117 và lắp nguồn,Cần kiểm ripple dropout nhiệt load và phân biệt adapter nguồn ngoài với regulator,"A07,A30",Kiểm kê cấu trúc; cần duyệt học thuật và an toàn
D14,week2/day14.html,Ôn Tập Tuần 2 & Mini Project: Mạch Nguồn DC Hoàn Chỉnh,24,Suy luận từ h2; cần biên tập mục tiêu đo được,Suy luận từ đề mục: 1. Ôn tập nhanh Tuần 2 / 2. Mini Project Tuần 2: Mạch nguồn DC Hoàn chỉnh / 3. Tổng kết Tuần 2,D08-D13,L45 1. Ôn tập nhanh Tuần 2 | L66 2. Mini Project Tuần 2: Mạch nguồn DC Hoàn chỉnh | L159 3. Tổng kết Tuần 2 | L224 Sơ đồ tổng hợp Bài 14,10 mục .exercise-item; 1 nút đáp án; đề mục: L184 📝 Kiểm tra cuối Tuần 2 — 10 câu,L86,2,Ôn tập và project nguồn DC,Cần ngân sách nguồn và số đo kỳ vọng kèm giới hạn phần cứng,"A07,A30",Kiểm kê cấu trúc; cần duyệt học thuật và an toàn
D15,week3/day15.html,Transistor BJT — NPN & PNP,24,HTML .objectives-list,"Hiểu BJT là gì và tại sao nó khuếch đại được dòng điện | Phân biệt NPN và PNP — cách hoạt động và chiều dòng | Xác định 3 chân: Base (B), Collector (C), Emitter (E) | Hiểu 3 vùng hoạt động: Cutoff, Active, Saturation | Hiểu hệ số khuếch đại dòng hFE (β) | Phân biệt transistor dùng làm switch vs khuếch đại | Nhận biết BC547, BC337, BC557 — đọc datasheet cơ bản | Đo và kiểm tra transistor bằng multimeter","D03,D04,D06","L63 Dụng cụ | L79 1. Transistor BJT — Linh kiện ""điều khiển dòng bằng dòng"" | L122 2. Ba vùng hoạt động của BJT | L155 3. Thiết kế mạch switch NPN — Điều khiển LED từ GPIO | L197 4. Thực hành: Đo transistor và lắp mạch switch LED",4 mục .exercise-item; 1 nút đáp án; đề mục: L223 📝 Bài tập Bài 15,"L91,L157",2,BJT NPN PNP vùng làm việc switch và đo,Cần nhận biết package pinout từng part và sai khác dòng khuếch đại,A08,Kiểm kê cấu trúc; cần duyệt học thuật và an toàn
D16,week3/day16.html,Mạch Switch BJT — Điều Khiển Relay & Motor DC,24,HTML .objectives-list,"Thiết kế mạch driver relay hoàn chỉnh với BJT NPN | Hiểu tại sao relay cần transistor làm driver (GPIO không đủ dòng) | Tính toán R_B, chọn transistor phù hợp dòng relay | Bắt buộc: freewheeling diode (back-EMF protection) | Điều khiển motor DC một chiều — đảo chiều bằng L293D sơ lược | Điều khiển buzzer 5V bằng BJT từ GPIO 3,3V | Debug: relay click nhưng không giữ, transistor nóng | Kiểm tra mạch relay hoàn chỉnh thực tế","D10,D11,D15","L54 Dụng cụ | L71 1. Tại sao GPIO không trực tiếp chạy relay? | L82 2. Mạch driver relay NPN hoàn chỉnh | L123 3. Điều khiển Buzzer Active 5V từ GPIO 3,3V | L159 4. Thực hành: Mạch relay driver hoàn chỉnh | L174 5. Debug — Lỗi phổ biến mạch relay",3 mục .exercise-item; 1 nút đáp án; đề mục: L191 📝 Bài tập Bài 16,"L84,L125",1,Driver relay motor buzzer với BJT và diode,Cần duyệt riêng cực tính flyback công suất tải transistor nguồn và an toàn,"A30,A31",Kiểm kê cấu trúc; cần duyệt học thuật và an toàn
D17,week3/day17.html,Mạch Khuếch Đại BJT — Common Emitter,24,HTML .objectives-list,"Hiểu cấu hình Common Emitter (CE) là gì và tại sao phổ biến | Hiểu điểm làm việc (Q-point) và tại sao cần chọn đúng | Tính độ lợi điện áp A_V = –R_C / r_e | Thiết kế phân cực phân áp (voltage divider bias) ổn định Q-point | Tính và chọn R1, R2, R_C, R_E cho mạch khuếch đại thực tế | Hiểu tại sao CE khuếch đại tín hiệu nhưng đảo pha 180° | Khảo sát giới hạn: clipping, distortion khi tín hiệu quá lớn","D06,D15",L53 Dụng cụ | L70 1. Cấu hình Common Emitter (CE) | L88 2. Điểm làm việc Q-Point | L101 3. Phân cực phân áp — Voltage Divider Bias,3 mục .exercise-item; 1 nút đáp án; đề mục: L169 📝 Bài tập Bài 17,L74,1,Khuếch đại CE Q-point phân cực,Cần phương pháp phân tích tuyến tính sai số điểm làm việc và kiểm miền áp dụng,"A10,A11",Kiểm kê cấu trúc; cần duyệt học thuật và an toàn
D18,week3/day18.html,MOSFET — NMOS & PMOS,24,HTML .objectives-list,"Hiểu MOSFET điều khiển bằng điện áp V_GS, không cần dòng Gate | Phân biệt NMOS và PMOS — cách cắm và chiều dòng | Hiểu điện áp ngưỡng V_GS(th) và vùng tuyến tính vs bão hòa | So sánh MOSFET với BJT — ưu nhược điểm thực tế | Chọn MOSFET cho GPIO 3,3V theo R_DS(on) được bảo đảm tại điện áp Gate thực và dòng tải | Thiết kế mạch switch NMOS điều khiển motor DC PWM | Hiểu R_DS(on) và tại sao MOSFET ít nóng hơn BJT khi switch | Cảnh báo: Gate ESD — không chạm Gate khi không có điện trở bảo vệ","D03,D06,D15",L63 Dụng cụ | L79 1. MOSFET — Transistor điều khiển bằng điện áp | L107 2. Nguyên lý hoạt động NMOS | L124 3. MOSFET vs BJT — Chọn linh kiện nào? | L142 4. Thiết kế mạch switch NMOS — Điều khiển motor DC | L177 5. Thực hành: Mạch NMOS switch điều khiển motor/LED strip,4 mục .exercise-item; 1 nút đáp án; đề mục: L193 📝 Bài tập Bài 18,"L89,L144",2,NMOS PMOS chọn switch motor và đo,Cần datasheet VGS RDS(on) nhiệt và bảo vệ tải theo part cụ thể,"A08,A30",Kiểm kê cấu trúc; cần duyệt học thuật và an toàn
D19,week3/day19.html,PWM — Điều Rộng Xung & Điều Khiển Tốc Độ,24,HTML .objectives-list,"Hiểu PWM là gì — biến đổi tín hiệu số thành giá trị trung bình thay đổi được | Hiểu Duty Cycle (%) và tần số (Hz) — hai tham số quan trọng nhất | Tính điện áp trung bình từ duty cycle: V_avg = D × V_high | Biết lựa chọn tần số PWM phù hợp: LED, motor, servo | Thực hành: dimmer LED bằng Arduino/ESP32 analogWrite | Phân tích PWM motor DC và chọn MOSFET theo điện áp Gate, dòng tải cùng nhiệt của mạch thật | Hiểu tại sao cần tần số PWM phù hợp với motor (không nghe tiếng kêu) | Mô phỏng điện áp analog bằng PWM + RC filter","D04,D09,D18",L55 1. PWM — Điều Rộng Xung (Pulse Width Modulation) | L80 2. Chọn tần số PWM phù hợp | L105 3. PWM → Điện áp Analog: RC Low-Pass Filter | L137 4. Thực hành: Dimmer LED và điều khiển tốc độ motor,4 mục .exercise-item; 1 nút đáp án; đề mục: L178 📝 Bài tập Bài 19,"L59,L109",1,PWM tần số lọc RC và thử LED motor,Cần chỉ rõ duty hiệu điện áp trung bình ripple và miền tải,"A14,A21",Kiểm kê cấu trúc; cần duyệt học thuật và an toàn
D20,week3/day20.html,Op-Amp — Khuếch Đại Thuật Toán Cơ Bản,24,HTML .objectives-list,"Hiểu Op-Amp là gì — đặc tính lý tưởng và thực tế | Nhận biết IC LM358 (dual op-amp) và TL071 — đọc sơ đồ chân | Phân tích mạch Inverting Amplifier — tính A_V = –R_f/R_in | Phân tích mạch Non-Inverting Amplifier — tính A_V = 1 + R_f/R1 | Mạch Voltage Follower (Unity Gain Buffer) — tại sao cần | Mạch Comparator — so sánh hai điện áp, đầu ra nhị phân | Hiểu tại sao cần decoupling 100nF sát chân VCC của Op-Amp | Lắp và đo kiểm các cấu hình thực tế","D06,D17",L54 Dụng cụ | L70 1. Op-Amp — Khuếch đại thuật toán lý tưởng và thực tế | L105 2. Bốn cấu hình op-amp cơ bản nhất | L187 3. Thực hành: Non-Inverting Amplifier LM358,4 mục .exercise-item; 1 nút đáp án; đề mục: L203 📝 Bài tập Bài 20,"L74,L118,L144,L155",1,Op-amp cấu hình cơ bản LM358 và đo,Cần giới hạn common-mode output swing rail supply và mô hình hồi tiếp có nguồn,"A12,A14",Kiểm kê cấu trúc; cần duyệt học thuật và an toàn
D21,week3/day21.html,Ôn Tập Tuần 3 & Mini Project: Mạch Báo Nhiệt Tự Động,24,Suy luận từ h2; cần biên tập mục tiêu đo được,Suy luận từ đề mục: 1. Ôn tập nhanh Tuần 3 / 2. Mini Project Tuần 3: Mạch Báo Nhiệt Tự Động / 3. Tổng kết Tuần 3,"D08,D11,D15,D16,D20",L44 1. Ôn tập nhanh Tuần 3 | L65 2. Mini Project Tuần 3: Mạch Báo Nhiệt Tự Động | L166 3. Tổng kết Tuần 3 | L198 Sơ đồ tổng hợp Bài 21,0 mục .exercise-item; 0 nút đáp án; đề mục: L65 2. Mini Project Tuần 3: Mạch Báo Nhiệt Tự Động,"L84,L102",2,Ôn tập project báo nhiệt,Cần gắn cảm biến nhiệt cụ thể với dải sai số hiệu chuẩn và nguồn,"A25,A26",Kiểm kê cấu trúc; cần duyệt học thuật và an toàn
D22,week4/day22.html,Giao Tiếp Số — UART Cơ Bản,24,HTML .objectives-list,"Hiểu UART là gì — giao tiếp nối tiếp, không đồng bộ, full-duplex | Hiểu Baud Rate — bit/giây và cách chọn baud rate phù hợp | Đọc được frame UART: Start bit, Data bits, Parity, Stop bit | Kết nối TX → RX đúng (TX của thiết bị A nối RX thiết bị B) | Hiểu vấn đề điện áp: UART 5V vs 3,3V — cần level shifter | Thực hành: Serial Monitor, gửi/nhận dữ liệu qua Arduino IDE | Kết nối module GPS (NEO-6M) hoặc Bluetooth HC-05 qua UART | Debug UART bằng phần mềm (Putty, Serial Monitor)","D01,D04,D07",L54 Dụng cụ | L69 1. UART — Giao tiếp nối tiếp không đồng bộ | L137 2. Thực hành Serial UART với Arduino IDE,3 mục .exercise-item; 1 nút đáp án; đề mục: L202 📝 Bài tập Bài 22,"L73,L101,L124",1,UART khung truyền và thực hành serial,Trước giao tiếp nên bổ sung mức logic thời gian lấy mẫu và quy tắc chuyển mức,"A17,A21",Kiểm kê cấu trúc; cần duyệt học thuật và an toàn
D23,week4/day23.html,I2C — Giao Tiếp Đa Thiết Bị Trên 2 Dây,24,HTML .objectives-list,"Hiểu I2C là giao tiếp đồng bộ Master-Slave với 2 dây SDA/SCL | Hiểu địa chỉ 7-bit I2C và cách nhiều thiết bị dùng chung bus | Hiểu tại sao I2C cần điện trở pull-up và cách chọn giá trị | Phân biệt I2C 100kHz (Standard), 400kHz (Fast) và 3,4MHz (High-speed) | Dùng I2C Scanner để tìm địa chỉ thiết bị trên bus | Đọc cảm biến BME280 (nhiệt độ/độ ẩm/áp suất) qua I2C | Điều khiển màn hình OLED SSD1306 0,96"" qua I2C | Debug I2C: thiết bị không phản hồi, địa chỉ sai, pull-up thiếu","D06,D22","L54 Dụng cụ | L69 1. I2C — Hai dây, nhiều thiết bị | L112 2. Cấu trúc giao dịch I2C | L126 3. I2C Scanner — Tìm địa chỉ thiết bị | L184 4. Thực hành: OLED + BME280 trên I2C | L198 5. Debug I2C phổ biến",3 mục .exercise-item; 1 nút đáp án; đề mục: L215 📝 Bài tập Bài 23,"L79,L114",1,I2C giao dịch pull-up scanner và module,Cần xác nhận địa chỉ và điện áp pull-up theo module thực dùng,"A23,A24",Kiểm kê cấu trúc; cần duyệt học thuật và an toàn
D24,week4/day24.html,SPI — Giao Tiếp Nối Tiếp Tốc Độ Cao,24,HTML .objectives-list,"Hiểu SPI là giao tiếp đồng bộ, full-duplex với 4 dây cơ bản | Phân biệt MOSI, MISO, SCK, CS/SS — chức năng từng dây | Hiểu 4 SPI Mode (0–3): CPOL và CPHA — chọn đúng mode | So sánh SPI vs I2C — khi nào dùng giao thức nào | Kết nối nhiều thiết bị SPI qua nhiều CS pin | Thực hành: đọc/ghi thẻ SD card qua SPI | Thực hành: hiển thị màn hình TFT 2,4"" ILI9341 qua SPI | Debug SPI: CS không active, mode sai, tốc độ quá cao","D22,D23","L54 Dụng cụ | L69 1. SPI — 4 dây, tốc độ cao, full-duplex | L141 2. SPI Pins trên Arduino và ESP32 | L171 3. Thực hành: Đọc/ghi SD Card qua SPI",3 mục .exercise-item; 1 nút đáp án; đề mục: L211 📝 Bài tập Bài 24,L73,1,SPI tín hiệu chân và bài SD card,Cần mức logic chế độ clock timing CS và giới hạn chân board cụ thể,"A21,A23",Kiểm kê cấu trúc; cần duyệt học thuật và an toàn
D25,week4/day25.html,ADC & DAC — Chuyển Đổi Tín Hiệu Analog ↔ Số,24,HTML .objectives-list,"Hiểu ADC là gì — chuyển điện áp analog thành số nguyên N-bit | Hiểu độ phân giải: ADC 10-bit vs 12-bit vs 16-bit | Tính LSB voltage và sai số quantization | Hiểu Sampling Rate và định lý Nyquist — aliasing | Hiểu AREF và tại sao quan trọng với độ chính xác ADC | Đọc cảm biến analog (biến trở, LDR, NTC) với Arduino/ESP32 | Hiểu DAC là gì — ESP32 có 2 DAC 8-bit | Dùng DAC để tạo sóng sine đơn giản và âm thanh cơ bản","D06,D22",L55 1. ADC — Chuyển đổi Analog → Digital | L90 2. Sampling Rate & Định lý Nyquist | L104 3. Thực hành ADC — Đọc biến trở và NTC | L126 4. DAC — Chuyển đổi Digital → Analog,3 mục .exercise-item; 1 nút đáp án; đề mục: L168 📝 Bài tập Bài 25,0 khối,1,ADC DAC Nyquist đọc biến trở NTC,Cần bài về chuẩn tham chiếu sai số lượng tử hóa hiệu chuẩn và điều kiện lấy mẫu,"A23,A28",Kiểm kê cấu trúc; cần duyệt học thuật và an toàn
D26,week4/day26.html,Interrupt — Ngắt Phần Cứng & Timer,24,HTML .objectives-list,"Hiểu interrupt và so sánh với polling — khi nào dùng | Viết ISR (Interrupt Service Routine) đúng cách — ngắn, nhanh | Dùng volatile cho biến chia sẻ ISR ↔ main loop | External interrupt: đếm xung encoder motor | Debounce nút nhấn hardware (RC) và software (millis()) | Timer interrupt: thực hiện task chính xác theo thời gian (ESP32) | Tránh 5 lỗi cấm trong ISR: delay(), Serial, malloc, blocking call","D22,D25",L53 1. Interrupt vs Polling | L67 2. External Interrupt — Đếm xung Encoder | L102 3. Debounce Nút Nhấn | L120 4. Timer Interrupt — ESP32 Hardware Timer,3 mục .exercise-item; 1 nút đáp án; đề mục: L171 📝 Bài tập Bài 26,L104,1,Interrupt timer debounce encoder,Cần ví dụ atomicity latency timer và giới hạn volatile được giải đúng,"A21,A23",Kiểm kê cấu trúc; cần duyệt học thuật và an toàn
D27,week4/day27.html,"Cảm Biến Số — DHT22, DS18B20 & PIR",24,HTML .objectives-list,"Phân biệt cảm biến analog (NTC) vs cảm biến số (DHT22, DS18B20) | Kết nối và đọc DHT22 — nhiệt độ và độ ẩm (single-wire protocol) | Hiểu 1-Wire protocol — DS18B20 nhiều cảm biến trên 1 dây | Xử lý lỗi DHT: nan, timeout, checksum error | Kết nối và đọc DS18B20 — tìm địa chỉ ROM 64-bit | PIR HC-SR501 — hoạt động, điều chỉnh sensitivity và delay | Thiết kế hệ thống đa cảm biến với error handling hoàn chỉnh | So sánh độ chính xác: NTC vs DHT22 vs BME280","D23,D25,D26",L63 Dụng cụ | L79 1. DHT22 — Cảm biến nhiệt độ & độ ẩm | L119 2. DS18B20 — Cảm biến nhiệt độ 1-Wire | L153 3. PIR HC-SR501 — Phát hiện chuyển động,3 mục .exercise-item; 1 nút đáp án; đề mục: L196 📝 Bài tập Bài 27,"L81,L155",2,DHT22 DS18B20 PIR và cách nối,Có ba module cụ thể nhưng thiếu hệ phân loại cảm biến và ma trận lựa chọn,A25-A28,Kiểm kê cấu trúc; cần duyệt học thuật và an toàn
D28,week4/day28.html,Ôn Tập Tuần 4 & Mini Project: Trạm Đo Môi Trường,24,Suy luận từ h2; cần biên tập mục tiêu đo được,Suy luận từ đề mục: 1. Ôn tập nhanh Tuần 4 / 2. Mini Project Tuần 4: Trạm Đo Môi Trường / 3. Bảng đo kiểm,D22-D27,L43 1. Ôn tập nhanh Tuần 4 | L61 2. Mini Project Tuần 4: Trạm Đo Môi Trường | L171 3. Bảng đo kiểm | L186 4. Tổng kết Tuần 4 | L217 Sơ đồ tổng hợp Bài 28,"0 mục .exercise-item; 0 nút đáp án; đề mục: L61 2. Mini Project Tuần 4: Trạm Đo Môi Trường, L171 3. Bảng đo kiểm",L77,2,Ôn tập project trạm môi trường,Cần chỉ tiêu sai số và hiệu chuẩn theo cảm biến được chọn,"A28,A31",Kiểm kê cấu trúc; cần duyệt học thuật và an toàn
D29,week5/day29.html,Mô Phỏng Mạch — Falstad & LTSpice,24,HTML .objectives-list,"Biết mô phỏng là gì và tại sao quan trọng trong thiết kế điện tử | Sử dụng Falstad Circuit Simulator (web, miễn phí) cho mạch cơ bản | Mô phỏng mạch RC, BJT switch, Op-Amp trên Falstad | Cài và sử dụng LTSpice (miễn phí) cho mạch phức tạp hơn | Phân tích DC Operating Point — tìm V, I tại mọi nút | Phân tích Transient — xem dạng sóng theo thời gian | Phân tích AC — đáp ứng tần số của mạch filter | So sánh kết quả mô phỏng với đo kiểm thực tế — hiệu chỉnh","D05,D06,D09",L55 1. Tại sao cần mô phỏng trước khi làm thực tế? | L70 2. Falstad Circuit Simulator — Mô phỏng trực tuyến | L95 3. LTSpice — Mô phỏng mạch chuyên nghiệp,3 mục .exercise-item; 1 nút đáp án; đề mục: L140 📝 Bài tập Bài 29,0 khối,1,Giới thiệu Falstad LTspice,Cần mô hình mô phỏng có netlist tham số phép đo kỳ vọng và so với giải tay,A09-A14,Kiểm kê cấu trúc; cần duyệt học thuật và an toàn
D30,week5/day30.html,Oscilloscope — Đọc & Đo Dạng Sóng,24,HTML .objectives-list,"Hiểu oscilloscope làm gì mà multimeter không làm được | Biết các nút điều khiển chính: Volt/div, Time/div, Trigger | Đọc dạng sóng: Vpp, Vrms, tần số, chu kỳ, phase | Calibrate probe × 10 — quan trọng để đo chính xác | Thiết lập trigger đúng — tín hiệu ổn định trên màn hình | Đo PWM bằng oscilloscope — xác nhận duty cycle và tần số | Đo ripple nguồn — AC coupling mode | Nếu không có oscilloscope thực: dùng DSO138 kit (~150k) hoặc Analog Discovery 2","D09,D19,D29","L64 1. Oscilloscope — ""Mắt"" của kỹ sư điện tử | L83 2. Các núm điều khiển quan trọng | L131 3. Thực hành đo PWM và ripple nguồn",3 mục .exercise-item; 1 nút đáp án; đề mục: L172 📝 Bài tập Bài 30,L85,2,Oscilloscope đọc PWM ripple và đo,Cần giới hạn probe mass reference và phép đo trên nguồn thấp áp cách ly,A14,Kiểm kê cấu trúc; cần duyệt học thuật và an toàn
D31,week5/day31.html,"Bộ Lọc Tín Hiệu — Low Pass, High Pass, Band Pass",24,HTML .objectives-list,"Hiểu tại sao cần bộ lọc — nhiễu, tín hiệu không mong muốn | Tính và thiết kế RC Low Pass Filter — f_c = 1/(2πRC) | Tính và thiết kế RC High Pass Filter | Band Pass = HPF + LPF kết hợp | Hiểu độ dốc suy giảm: bậc 1 = –20dB/decade, bậc 2 = –40dB/decade | Ứng dụng: lọc nhiễu ADC, anti-aliasing, tách DC offset | Mô phỏng Bode plot trong LTSpice và Falstad | Đo đặc tính lọc thực tế bằng oscilloscope và signal generator","D09,D10,D29,D30",L55 1. RC Low Pass Filter (LPF) | L80 2. Bảng tham chiếu nhanh thiết kế LPF/HPF | L96 3. Band Pass Filter — Chỉ cho qua dải tần cụ thể | L117 4. Ứng dụng bộ lọc trong thực tế,3 mục .exercise-item; 1 nút đáp án; đề mục: L151 📝 Bài tập Bài 31,"L68,L98",1,LPF HPF BPF RC và ứng dụng,Cần mô hình RLC trở kháng pha và tải đo được,A14,Kiểm kê cấu trúc; cần duyệt học thuật và an toàn
D32,week5/day32.html,"Nguồn Switching — Buck, Boost, Buck-Boost",24,HTML .objectives-list,Hiểu nguyên lý Buck converter — giảm áp bằng PWM + cuộn cảm + tụ | Hiểu nguyên lý Boost converter — tăng áp nhờ năng lượng tích trữ trong L | Tính hiệu suất và so sánh với ổn áp tuyến tính ở điều kiện đầu vào/tải đã nêu | Tính duty gần đúng cho buck/boost lý tưởng ở chế độ dòng liên tục và nêu giới hạn mô hình | Phân tích module LM2596 (buck) và MT3608 (boost); chỉ dùng đúng module/revision đã xác minh | Lập kế hoạch đo và điều chỉnh điện áp đầu ra trước khi nối tải | Hiểu tại sao cần freewheeling diode Schottky (không dùng 1N4007) | Đo ripple điện áp đầu ra và cách giảm ripple,"D10,D11,D13",L55 1. Buck Converter — Giảm áp hiệu suất cao | L84 2. Boost Converter — Tăng áp | L96 3. LDO vs Buck Converter — Chọn cái nào? | L118 4. Module LM2596 — Buck step-down thực tế,3 mục .exercise-item; 1 nút đáp án; đề mục: L151 📝 Bài tập Bài 32,L59,1,Buck boost LM2596 và so sánh LDO,Cần đối chiếu module thực dòng tải nhiệt ripple và giới hạn bố trí PCB,"A06,A07,A30",Kiểm kê cấu trúc; cần duyệt học thuật và an toàn
D33,week5/day33.html,Thiết Kế PCB — Nhập Môn KiCad,24,HTML .objectives-list,"Hiểu quy trình thiết kế PCB: Schematic → Netlist → Layout → Gerber | Cài và làm quen giao diện KiCad 7/8 (miễn phí) | Vẽ schematic đơn giản trong KiCad Schematic Editor | Gán footprint cho từng linh kiện (DIP, SMD, THT) | Chuyển sang PCB Editor — đặt linh kiện và route tracks | Áp dụng quy tắc thiết kế: clearance, track width, ground plane | Chạy DRC (Design Rule Check) — phát hiện lỗi | Xuất Gerber files để gửi nhà sản xuất (JLCPCB, PCBWay)","D03,D04,D15,D29",L64 1. Quy trình thiết kế PCB | L93 2. KiCad — Công cụ miễn phí tiêu chuẩn công nghiệp | L111 3. Thực hành: Vẽ PCB mạch LED blinker với BC547 | L151 4. Quy tắc PCB thiết kế cơ bản,3 mục .exercise-item; 1 nút đáp án; đề mục: L171 📝 Bài tập Bài 33,L66,2,KiCad quy trình schematic PCB LED blinker,Cần bài xuyên suốt yêu cầu netlist ERC PCB BOM và kiểm kết quả,A29-A31,Kiểm kê cấu trúc; cần duyệt học thuật và an toàn
D34,week5/day34.html,Hàn SMD & Kiểm Tra PCB,24,HTML .objectives-list,"Phân biệt hàn THT (Through-Hole) và SMD (Surface Mount) | Chuẩn bị dụng cụ hàn SMD: mỏ hàn nhiệt độ kiểm soát, thiếc SMD, flux | Kỹ thuật hàn SMD 0805, 0603 bằng mỏ hàn | Hàn IC SOIC-8 bằng kỹ thuật drag soldering | Hàn IC QFP/TQFP bằng hot air và solder paste | Nhận biết và sửa cold joint, solder bridge, tombstoning | Quy trình kiểm tra PCB: Visual → Continuity → Power-on test | Sử dụng kính lúp hoặc microscope để kiểm tra mối hàn",D33,L55 1. Dụng cụ hàn SMD | L73 2. Kỹ thuật hàn SMD từng loại | L100 3. Nhận biết và sửa lỗi hàn phổ biến | L115 4. Quy trình kiểm tra PCB sau hàn,3 mục .exercise-item; 1 nút đáp án; đề mục: L146 📝 Bài tập Bài 34,0 khối,1,Hàn SMD nhận diện lỗi và kiểm PCB,Cần tiêu chí chấp nhận đo sau lắp với ảnh đúng package,A31,Kiểm kê cấu trúc; cần duyệt học thuật và an toàn
D35,week5/day35.html,Ôn Tập Tuần 5 & Mini Project: PCB Buck Converter,24,Suy luận từ h2; cần biên tập mục tiêu đo được,Suy luận từ đề mục: 1. Ôn tập nhanh Tuần 5 / 2. Mini Project Tuần 5: PCB Buck Converter 12V→5V/1A / 3. Tổng kết Tuần 5,D32-D34,L43 1. Ôn tập nhanh Tuần 5 | L61 2. Mini Project Tuần 5: PCB Buck Converter 12V→5V/1A | L122 3. Tổng kết Tuần 5 | L154 Sơ đồ tổng hợp Bài 35,0 mục .exercise-item; 0 nút đáp án; đề mục: L61 2. Mini Project Tuần 5: PCB Buck Converter 12V→5V/1A,L80,2,Project PCB buck 12V xuống 5V,Cần duyệt schematic nguồn và rủi ro nhiệt trước lab thực,"A30,A31",Kiểm kê cấu trúc; cần duyệt học thuật và an toàn
D36,week6/day36.html,RTC DS3231 — Đồng Hồ Thời Gian Thực,24,HTML .objectives-list,"Hiểu RTC (Real Time Clock) — tại sao vi điều khiển cần module RTC riêng | Phân biệt DS3231 có TCXO và DS1307 dùng thạch anh ngoài; đọc điều kiện sai số từ datasheet | Kết nối DS3231 I2C với Arduino/ESP32 — đọc giờ/phút/giây/ngày | Đặt thời gian và giải thích điều kiện giữ giờ qua mất nguồn nhờ VBAT ngoài đã xác minh | Đọc nhiệt độ tích hợp của DS3231 (±3°C, không chính xác bằng BME280) | Cài đặt Alarm 1 và Alarm 2 — ngắt khi đến giờ | Dự án: Đồng hồ hiển thị trên OLED với thời gian từ DS3231","D23,D25",L53 1. Tại sao cần RTC module? | L70 2. Kết nối và đọc DS3231 | L103 3. Dự án: Đồng hồ OLED + DS3231,3 mục .exercise-item; 1 nút đáp án; đề mục: L134 📝 Bài tập Bài 36,0 khối,1,RTC DS3231 OLED dự án,Cần đối chiếu điện áp module pin backup và sai số thời gian,"A24,A28",Kiểm kê cấu trúc; cần duyệt học thuật và an toàn
D37,week6/day37.html,WiFi & IoT — ESP32 Web Server,24,HTML .objectives-list,"Kết nối ESP32 vào mạng WiFi — Station Mode (client) | Tạo web server đơn giản — điều khiển LED từ trình duyệt | Gửi dữ liệu JSON qua HTTP API — cảm biến → web app | Kết nối MQTT broker (HiveMQ, Mosquitto) — publish/subscribe | Dùng WiFiManager — tránh hardcode SSID/password trong code | Deep Sleep + WiFi reconnect — tiết kiệm pin cho IoT battery | Hiểu OTA (Over-The-Air) update — cập nhật firmware không cần dây","D22,D23,D26",L54 1. Kết nối WiFi — Station Mode | L79 2. Web Server — Điều khiển LED từ trình duyệt | L132 3. MQTT — Giao tiếp IoT thời gian thực,3 mục .exercise-item; 1 nút đáp án; đề mục: L166 📝 Bài tập Bài 37,L136,1,ESP32 WiFi web server MQTT,Cần bổ sung nền kiến trúc MCU bộ nhớ bus và lựa chọn board trước code,A22-A24,Kiểm kê cấu trúc; cần duyệt học thuật và an toàn
D38,week6/day38.html,Stepper Motor & Servo — Điều Khiển Góc Chính Xác,24,HTML .objectives-list,"Hiểu nguyên lý động cơ bước — bước toàn (1,8°/step), microstepping | Sử dụng driver A4988 — STEP/DIR interface, cài điện trở giới hạn dòng | Tính tốc độ và số bước cho quỹ đạo cụ thể | Điều khiển Servo RC (SG90, MG996R) — xung 1ms–2ms / 50Hz | Phân biệt Servo RC vs Servo công nghiệp (Dynamixel) | Thực hành: servo quét 0°–180° mượt mà và stepper quay 90°/180°/360° chính xác | Nguyên nhân stepper mất bước (skipping) và cách phòng tránh","D16,D18,D19",L54 1. Động cơ bước — Stepper Motor | L108 2. Servo RC — Điều khiển góc 0°–180°,3 mục .exercise-item; 1 nút đáp án; đề mục: L168 📝 Bài tập Bài 38,L58,1,Stepper servo và góc quay,Cần tính nguồn riêng dòng khởi động driver và hồi dòng,"A30,A31",Kiểm kê cấu trúc; cần duyệt học thuật và an toàn
D39,week6/day39.html,H-Bridge & Điều Khiển Motor DC 2 Chiều,24,HTML .objectives-list,"Hiểu H-Bridge là gì — tại sao cần để đảo chiều motor | Nguyên lý hoạt động H-Bridge: 4 MOSFET/BJT tạo ""chữ H"" | Kết nối và điều khiển L298N — module phổ biến nhất, 2A/kênh | Điều khiển tốc độ PWM kết hợp với chân ENA/ENB | Sử dụng L9110S module (nhỏ, rẻ, 800mA) cho motor nhỏ | Phân biệt L298N vs TB6612FNG vs DRV8833 — khi nào dùng gì | Dự án: Robot xe 2 bánh tự điều khiển với tránh vật cản ultrasonic | Hiểu lý do L298N nóng và cách giảm thiệt (heat sink, TB6612FNG)","D16,D18,D19",L54 1. H-Bridge — Mạch cầu điều khiển chiều dòng | L73 2. Bảng điều khiển L298N,3 mục .exercise-item; 1 nút đáp án; đề mục: L154 📝 Bài tập Bài 39,L56,1,H-bridge L298N motor hai chiều,Cần kiểm tổn hao nhiệt đặc tính driver và bảo vệ theo model cụ thể,"A30,A31",Kiểm kê cấu trúc; cần duyệt học thuật và an toàn
D40,week6/day40.html,Cảm Biến Khoảng Cách — HC-SR04 & IR,24,HTML .objectives-list,"Hiểu nguyên lý đo khoảng cách siêu âm — TOF (Time of Flight) | Kết nối và đọc HC-SR04 — TRIG/ECHO, tính khoảng cách từ thời gian | Xử lý timeout khi không có vật thể — tránh treo chương trình | Cảm biến IR SHARP GP2Y0A21 — analog output, phi tuyến, dùng lookup table | VL53L0X — ToF laser I2C; tầm đo và sai số thay đổi theo mục tiêu, ánh sáng và chế độ | So sánh: HC-SR04 vs IR analog vs VL53L0X — khi nào dùng | Dự án robot tránh vật cản — HC-SR04 + L298N + servo quét góc | Lọc nhiễu đọc khoảng cách: trung bình N mẫu, loại bỏ giá trị ngoại lệ","D25,D26,D27",L54 1. HC-SR04 — Đo khoảng cách bằng siêu âm | L119 2. So sánh các loại cảm biến khoảng cách,2 mục .exercise-item; 1 nút đáp án; đề mục: L151 📝 Bài tập Bài 40,L56,1,HC-SR04 IR và so sánh khoảng cách,Cần giải dải độ chính xác môi trường và chuyển mức echo theo board,"A25,A27",Kiểm kê cấu trúc; cần duyệt học thuật và an toàn
D41,week6/day41.html,Pin LiPo & BMS — Quản Lý Nguồn Di Động,24,HTML .objectives-list,"Hiểu đặc tính cell Li-ion/LiPo loại 4,2V: 3,7V danh định, 4,2V đầy; ngưỡng cắt xả theo cell/mạch bảo vệ | Quy ước dung lượng: mAh, C-rate — chọn dòng sạc/xả theo datasheet cell | BMS (Battery Management System) — bảo vệ quá sạc, quá xả, ngắn mạch | Mạch sạc TP4056 cho một cell; phân biệt module có và không có mạch bảo vệ xả | Đo điện áp pin bằng ADC — tính phần trăm còn lại | Mạch nguồn tích hợp: pin LiPo + TP4056 + Boost 5V → ESP32 | Ước tính thời gian pin từ dung lượng và dòng tiêu thụ | An toàn khi làm việc với pin Li-ion — không sạc pin bị phồng","D13,D32",L63 1. Đặc tính pin Li-ion / LiPo | L86 2. BMS và TP4056 — Sạc và bảo vệ pin,2 mục .exercise-item; 1 nút đáp án; đề mục: L164 📝 Bài tập Bài 41,L88,2,LiPo BMS TP4056 và nguồn di động,Cần duyệt độc lập giới hạn cell charger bảo vệ và tình huống lỗi,"A07,A30",Kiểm kê cấu trúc; cần duyệt học thuật và an toàn
D42,week6/day42.html,Ôn Tập Tuần 6 & Capstone: Robot WiFi Tránh Vật Cản,24,Suy luận từ h2; cần biên tập mục tiêu đo được,Suy luận từ đề mục: 1. Ôn tập nhanh Tuần 6 / 2. Capstone Project Tuần 6: Robot WiFi Tránh Vật Cản / 3. Tổng kết Tuần 6,D37-D41,L43 1. Ôn tập nhanh Tuần 6 | L60 2. Capstone Project Tuần 6: Robot WiFi Tránh Vật Cản | L127 3. Tổng kết Tuần 6 | L160 Sơ đồ tổng hợp Bài 42,0 mục .exercise-item; 0 nút đáp án; đề mục: L60 2. Capstone Project Tuần 6: Robot WiFi Tránh Vật Cản,L78,2,Capstone robot WiFi tránh vật cản,Cần ngân sách pin motor driver cảm biến và phép đo tích hợp,"A28,A31,A32",Kiểm kê cấu trúc; cần duyệt học thuật và an toàn
D43,week7/day43.html,Đồ Án — Lên Ý Tưởng & Thiết Kế Hệ Thống,24,HTML .objectives-list,"Áp dụng quy trình Systems Engineering vào dự án nhúng | Viết SRS (Software/System Requirements Specification) cơ bản | Vẽ Block Diagram — sơ đồ khối hệ thống rõ ràng | Lập danh sách BOM (Bill of Materials) với giá ước tính | Xác định risk và phương án dự phòng | Lên timeline thực hiện 2 tuần (Tuần 7–8) | 4 template đồ án gợi ý: Trạm thời tiết, Tưới cây tự động, Robot dò line, Máy đo ECG giả lập","D28,D33,D35,D42",L53 1. Quy trình thiết kế hệ thống nhúng | L73 2. SRS — Software Requirements Specification cơ bản | L92 3. Bốn đồ án gợi ý — Block Diagram mẫu | L140 Sơ đồ tổng hợp Bài 43,3 mục .exercise-item; 1 nút đáp án; đề mục: L109 📝 Bài tập Bài 43 — Thực hành thiết kế,L55,2,SRS sơ đồ khối và chọn đồ án,Cần ma trận yêu cầu đo được đến schematic và test plan,A29,Kiểm kê cấu trúc; cần duyệt học thuật và an toàn
D44,week7/day44.html,Đồ Án — Schematic & Firmware Khung,24,HTML .objectives-list,Vẽ schematic đồ án hoàn chỉnh trong KiCad — đúng chuẩn | Thiết lập cấu trúc firmware chuyên nghiệp: tách module | State Machine — quản lý trạng thái hệ thống rõ ràng | Task Scheduler đơn giản bằng millis() — tránh delay trong vòng lặp; nhận biết lời gọi I/O có thể chặn | Config file — tập trung tham số cấu hình một nơi | Serial Debug protocol — in trạng thái có prefix rõ ràng | Unit test từng module trước khi tích hợp,"D33,D43",L53 1. Cấu trúc firmware chuyên nghiệp | L69 2. State Machine — Quản lý trạng thái | L135 3. Task Scheduler đơn giản — millis() pattern | L167 4. config.h — Tập trung tham số cấu hình,3 mục .exercise-item; 1 nút đáp án; đề mục: L208 📝 Bài tập Bài 44,L55,1,Schematic và cấu trúc firmware state machine,State machine firmware đã có nhưng chưa dạy logic tuần tự và timing từ nền,"A20,A21,A29",Kiểm kê cấu trúc; cần duyệt học thuật và an toàn
D45,week7/day45.html,Đồ Án — Phát Triển Firmware & Debug,24,HTML .objectives-list,"Áp dụng Bottom-Up Integration — test từng module riêng biệt trước | Kỹ thuật Serial Debug có cấu trúc — prefix [INFO], [WARN], [ERROR] | Viết test harness đơn giản cho từng chức năng | Kỹ thuật debug phần cứng: oscilloscope đo timing, multimeter check nguồn | Xử lý các lỗi phổ biến: I2C không tìm thấy, WiFi không kết nối, SD không mount | Watchdog Timer — phòng ngừa hệ thống bị treo | Heap memory monitoring — phát hiện memory leak trên ESP32",D44,L53 1. Bottom-Up Integration — Tích hợp từ dưới lên | L75 2. Serial Debug có cấu trúc | L95 3. Watchdog Timer — Phòng ngừa hệ thống treo | L116 4. Lỗi phổ biến khi tích hợp — và cách debug,3 mục .exercise-item; 1 nút đáp án; đề mục: L134 📝 Bài tập Bài 45,L55,1,Tích hợp firmware debug watchdog,Cần tiêu chí kiểm thử cho lỗi điện nguồn bus và thời gian thực,"A23,A31",Kiểm kê cấu trúc; cần duyệt học thuật và an toàn
D46,week7/day46.html,Đồ Án — PCB Layout & Assembly,24,HTML .objectives-list,"Áp dụng quy tắc layout nâng cao cho đồ án thực tế | Phân chia vùng power và signal — tránh crosstalk | Test point — thêm test pad để debug dễ hơn | Via stitching cho ground plane — giảm EMI | Xuất Gerber và gửi sản xuất (JLCPCB, PCBWay — 5–10 ngày) | Assembly trên prototype PCB — hàn theo thứ tự IC trước | Quy trình power-on lần đầu — current limited PSU | Functional test theo test plan từ SRS","D33,D44,D45",L54 1. Quy tắc Layout nâng cao | L70 2. Test Point — Debug Professional | L87 3. Assembly Checklist — Hàn theo thứ tự | L101 4. Gửi PCB sản xuất — JLCPCB / PCBWay,2 mục .exercise-item; 1 nút đáp án; đề mục: L117 📝 Bài tập Bài 46,L72,1,PCB layout test point assembly,Cần nối đường hồi dòng EMC và kiểm DRC/đo thực với mạch hoàn chỉnh,"A16,A31",Kiểm kê cấu trúc; cần duyệt học thuật và an toàn
D47,week7/day47.html,Đồ Án — Integration Test & Calibration,24,HTML .objectives-list,"Viết và chạy Test Plan đầy đủ theo yêu cầu SRS | Calibration offset cho cảm biến nhiệt độ — so sánh với nhiệt kế chuẩn | Calibration ADC pin bằng đa điểm (multi-point calibration) | Đo và validate thời gian pin thực tế vs ước tính | Stress test: chạy liên tục 24h — có crash không? | Regression test — sau khi sửa bug, test lại toàn bộ | Viết Test Report đơn giản — kết quả P/F cho từng FR",D43-D46,L53 1. Test Plan — Từ SRS đến bảng test | L68 2. Calibration Cảm Biến — Nhiệt độ Offset | L88 3. Stability Test — Chạy 24 giờ liên tục,2 mục .exercise-item; 1 nút đáp án; đề mục: L103 📝 Bài tập Bài 47,0 khối,1,Integration test hiệu chuẩn và stability,Cần mô hình sai số và quy trình hiệu chuẩn theo loại cảm biến,"A28,A32",Kiểm kê cấu trúc; cần duyệt học thuật và an toàn
D48,week7/day48.html,Viết Tài Liệu Kỹ Thuật,24,HTML .objectives-list,Hiểu các loại tài liệu kỹ thuật — khi nào viết loại nào | Viết README.md theo chuẩn GitHub — project page chuyên nghiệp | Viết User Manual — hướng dẫn sử dụng cho người dùng cuối | Comment code đúng cách — Doxygen format | Tạo schematic documentation với chú thích đầy đủ | Upload project lên GitHub — version control + public showcase | Changelog — ghi lại thay đổi theo version,D47,L53 1. Các loại tài liệu kỹ thuật | L68 2. README.md — Template chuẩn GitHub | L112 3. Comment code — Doxygen format | L160 Sơ đồ tổng hợp Bài 48,3 mục .exercise-item; 1 nút đáp án; đề mục: L138 📝 Bài tập Bài 48,0 khối,2,README tài liệu code và giao nộp,Cần mẫu hồ sơ thiết kế nối yêu cầu nguồn đo BOM sai khác,A32,Kiểm kê cấu trúc; cần duyệt học thuật và an toàn
D49,week7/day49.html,Ôn Tập Tuần 7 & Chuẩn Bị Demo,24,Suy luận từ h2; cần biên tập mục tiêu đo được,Suy luận từ đề mục: 1. Ôn tập — Tiến độ Tuần 7 / 2. Demo Preparation — Kịch bản trình bày 10 phút / 3. Pre-Demo Checklist — 24h trước demo,D43-D48,L43 1. Ôn tập — Tiến độ Tuần 7 | L59 2. Demo Preparation — Kịch bản trình bày 10 phút | L72 3. Pre-Demo Checklist — 24h trước demo | L91 Sơ đồ tổng hợp Bài 49,0 mục .exercise-item; 0 nút đáp án; đề mục: không có đề mục bài tập/thực hành chuyên biệt,0 khối,2,Ôn tập demo checklist,Cần điều kiện pass theo bằng chứng kỹ thuật thay vì chỉ trình diễn,A32,Kiểm kê cấu trúc; cần duyệt học thuật và an toàn
D50,week8/day50.html,Demo Đồ Án & Tổng Kết Giai Đoạn,24,HTML .objectives-list,"Demo đồ án hoàn chỉnh — live demonstration trước người khác | Trình bày quy trình thiết kế: SRS → Schematic → Firmware → PCB → Test | Nhìn lại những thách thức gặp phải và cách giải quyết | Đánh giá khách quan: đạt được gì, chưa đạt được gì | Chuẩn bị portfolio: GitHub, ảnh sản phẩm, video demo | Lên kế hoạch học tiếp: STM32, FreeRTOS, Embedded Linux",D49,L52 1. Bảng đánh giá đồ án toàn diện | L68 2. Retrospective — Nhìn lại hành trình 7 tuần | L80 3. Portfolio — Xây dựng hồ sơ kỹ sư | L105 Sơ đồ tổng hợp Bài 50,0 mục .exercise-item; 0 nút đáp án; đề mục: L52 1. Bảng đánh giá đồ án toàn diện,0 khối,2,Đánh giá đồ án retrospective portfolio,Cần rubric độc lập so yêu cầu sơ đồ PCB firmware và số đo,A32,Kiểm kê cấu trúc; cần duyệt học thuật và an toàn
D51,week8/day51.html,PID Control — Điều Khiển Vòng Kín,24,HTML .objectives-list,"Hiểu vòng điều khiển kín — Setpoint, Error, Output, Feedback | P (Proportional): tỷ lệ với sai số — phản ứng nhanh nhưng có offset | I (Integral): tích phân sai số — loại bỏ steady-state error | D (Derivative): đạo hàm sai số — giảm overshoot | Triển khai PID rời rạc (discrete) trong vi điều khiển | Tuning PID thực hành: bắt đầu với P, thêm I, thêm D | Ứng dụng: điều khiển nhiệt độ lò sấy bằng PWM heating element | Bảo vệ: windup prevention cho tích phân I","D19,D25,D30",L54 1. Vòng điều khiển kín (Closed-Loop Control) | L71 2. PID rời rạc — Code vi điều khiển | L128 3. Tuning PID — Phương pháp thực hành,2 mục .exercise-item; 1 nút đáp án; đề mục: L171 📝 Bài tập Bài 51,L56,1,PID vòng kín code tuning,Cần nền rời rạc lấy mẫu noise và kiểm timing nếu dùng MCU thật,"A21,A23,A28",Kiểm kê cấu trúc; cần duyệt học thuật và an toàn
D52,week8/day52.html,FreeRTOS — Đa Nhiệm Thực Thời Trên ESP32,24,HTML .objectives-list,"Hiểu RTOS là gì — khác gì với vòng lặp while(1) thông thường | Tạo và quản lý Task trong FreeRTOS (ESP32 built-in) | Priority và Scheduling — task nào được CPU khi nào | vTaskDelay() vs delay() — RTOS-friendly delay | Queue — truyền dữ liệu an toàn giữa các task | Semaphore/Mutex — bảo vệ tài nguyên chia sẻ | Giám sát stack: uxTaskGetStackHighWaterMark() | Biết khi nào cần RTOS, khi nào millis() scheduler đủ","D26,D44,D45",L54 1. FreeRTOS vs Polling Loop | L69 2. Task cơ bản trong FreeRTOS | L117 3. Queue — Truyền dữ liệu giữa tasks,2 mục .exercise-item; 1 nút đáp án; đề mục: L152 📝 Bài tập Bài 52,0 khối,1,FreeRTOS tasks queue,Cần giới thiệu CPU bộ nhớ scheduler và tài nguyên trước RTOS,"A22,A23",Kiểm kê cấu trúc; cần duyệt học thuật và an toàn
D53,week8/day53.html,BLE — Bluetooth Low Energy Với ESP32,24,HTML .objectives-list,"Phân biệt Classic Bluetooth vs BLE — dải tần, tốc độ, tiêu thụ | GATT (Generic Attribute Profile) — Service, Characteristic, UUID | ESP32 làm BLE Server — advertise và kết nối điện thoại | Truyền dữ liệu: Notify (server→phone) và Write (phone→server) | Kiểm tra BLE bằng app ""nRF Connect"" trên điện thoại | BLE UART service — thay thế Serial qua Bluetooth | Power consumption BLE vs WiFi — khi nào dùng BLE","D23,D37",L62 1. BLE Architecture — GATT Model | L79 2. ESP32 BLE Server — Code,2 mục .exercise-item; 1 nút đáp án; đề mục: L156 📝 Bài tập Bài 53,L64,2,BLE GATT ESP32 server,Cần mã board SDK phiên bản và cấu trúc MCU không chỉ API,"A22,A24",Kiểm kê cấu trúc; cần duyệt học thuật và an toàn
D54,week8/day54.html,EMC & Thiết Kế PCB Chống Nhiễu,24,HTML .objectives-list,"Hiểu EMI (Electromagnetic Interference) và EMC (Compatibility) | Ba cơ chế gây nhiễu: Conducted, Radiated, Common-impedance coupling | Decoupling capacitor — tại sao, giá trị nào, đặt ở đâu trên PCB | Ground plane — tại sao làm giảm EMI đáng kể | Tách vùng analog và digital, kiểm soát đường hồi dòng trên ground plane | Ferrite bead — lọc nhiễu cao tần trên đường nguồn | TVS diode — bảo vệ ESD tại connector đầu vào | Review PCB đồ án của bạn theo checklist EMC","D31,D33,D46",L54 1. Tại sao EMC quan trọng? | L58 2. Decoupling Capacitor — Nguyên tắc vàng | L81 3. EMC Checklist cho PCB | L99 4. Common-Impedance Coupling — Đường hồi dòng chung,2 mục .exercise-item; 1 nút đáp án; đề mục: L118 📝 Bài tập Bài 54,"L60,L101",1,EMC decoupling return path,Cần nối trường từ/điện với cấu trúc PCB và minh chứng mô phỏng/đo,"A15,A16",Kiểm kê cấu trúc; cần duyệt học thuật và an toàn
D55,week8/day55.html,Con Đường Tiếp Theo — Học Gì Sau Khóa Này?,24,Suy luận từ h2; cần biên tập mục tiêu đo được,Suy luận từ đề mục: 1. Bản đồ các hướng chuyên sâu / 2. Lộ trình học cụ thể theo hướng / 3. Tài nguyên học tiếp — Miễn phí,D50,L40 1. Bản đồ các hướng chuyên sâu | L71 2. Lộ trình học cụ thể theo hướng | L86 3. Tài nguyên học tiếp — Miễn phí | L102 4. Kỹ năng mềm — Song song kỹ thuật | L125 Sơ đồ tổng hợp Bài 55,0 mục .exercise-item; 0 nút đáp án; đề mục: không có đề mục bài tập/thực hành chuyên biệt,L42,2,Lộ trình học tiếp,Cần cập nhật khi A01-A32 thành tuyến thật và phân biệt bài đã có với đề xuất,A01-A32,Kiểm kê cấu trúc; cần duyệt học thuật và an toàn
D56,week8/day56.html,Chúc Mừng Hoàn Thành!,25,Suy luận từ h2; cần biên tập mục tiêu đo được,Suy luận từ đề mục: 1. Tổng kết kiến thức 8 tuần / 2. Bản đồ kỹ năng đạt được,D55,L58 1. Tổng kết kiến thức 8 tuần | L76 2. Bản đồ kỹ năng đạt được | L121 Sơ đồ tổng hợp Bài 56,0 mục .exercise-item; 0 nút đáp án; đề mục: không có đề mục bài tập/thực hành chuyên biệt,0 khối,2,Tổng kết và bản đồ kỹ năng,Cần chỉnh tuyên bố năng lực theo bài thực tế có đánh giá và link đúng,A01-A32,Kiểm kê cấu trúc; cần duyệt học thuật và an toàn
