id,path,line,current_content,visual_type,legacy_priority_2026_10_02,current_review_priority,planned_action,visual_review_status,electrical_review_status,historical_audit_evidence,current_source_evidence,review_note
D01-1,week1/day01.html,185,SVG d01-aa-series.svg,schematic_symbol,Cao,high_verify_connections_and_model,redrawn_svg_with_transcript,verified_mobile_320_390_1280_24px_with_zoom_and_transcript,source_and_geometry_review_no_hardware_or_erc,docs/qa/visual-technical-audit.md:week1/day01.html:173,week1/day01.html:185,"Independent reviewer /root/p7_six_review checked polarity/topology; P1 breadboard/meter and P2 waveform findings fixed. Chromium 320/390/1280, 24px/theme checks pass. Small SVG labels supplemented by zoom link and selectable transcript."
D01-2,week1/day01.html,266,SVG d01-current-loop.svg,schematic_symbol,Cao,high_verify_connections_and_model,redrawn_svg_with_transcript,verified_mobile_320_390_1280_24px_with_zoom_and_transcript,source_and_geometry_review_no_hardware_or_erc,docs/qa/visual-technical-audit.md:week1/day01.html:258,week1/day01.html:266,"Independent reviewer /root/p7_six_review checked polarity/topology; P1 breadboard/meter and P2 waveform findings fixed. Chromium 320/390/1280, 24px/theme checks pass. Small SVG labels supplemented by zoom link and selectable transcript."
D01-3,week1/day01.html,317,SVG d01-ground-reference.svg,schematic_symbol,Thấp,low_verify_readability_and_terms,redrawn_svg_with_transcript,verified_mobile_320_390_1280_24px_with_zoom_and_transcript,source_and_geometry_review_no_hardware_or_erc,docs/qa/visual-technical-audit.md:week1/day01.html:316,week1/day01.html:317,"Independent reviewer /root/p7_six_review checked polarity/topology; P1 breadboard/meter and P2 waveform findings fixed. Chromium 320/390/1280, 24px/theme checks pass. Small SVG labels supplemented by zoom link and selectable transcript."
D01-4,week1/day01.html,345,SVG d01-ac-dc-wave.svg,waveform_timing,Thấp,low_verify_readability_and_terms,redrawn_svg_with_transcript,verified_mobile_320_390_1280_24px_with_zoom_and_transcript,source_and_geometry_review_no_hardware_or_erc,docs/qa/visual-technical-audit.md:week1/day01.html:350,week1/day01.html:345,"Independent reviewer /root/p7_six_review checked polarity/topology; P1 breadboard/meter and P2 waveform findings fixed. Chromium 320/390/1280, 24px/theme checks pass. Small SVG labels supplemented by zoom link and selectable transcript."
D01-5,week1/day01.html,360,SVG d01-5.svg,schematic_symbol,Vừa,medium_verify_topology_and_labels,redrawn_svg_with_transcript,automated_320_390_1280_24px_pass_editorial_readability_pending,independent_source_geometry_review_hardware_pending,docs/qa/visual-technical-audit.md:week1/day01.html:375,week1/day01.html:360,Independent review of current HTML/SVG source and geometry; no ERC or hardware test.
D02-1,week1/day02.html,113,SVG d02-breadboard-connectivity.svg,breadboard_pinout_physical,Cao,high_verify_connections_and_model,redrawn_svg_with_transcript,verified_mobile_320_390_1280_24px_with_zoom_and_transcript,source_and_geometry_review_no_hardware_or_erc,docs/qa/visual-technical-audit.md:week1/day02.html:101,week1/day02.html:113,"Independent reviewer /root/p7_six_review checked polarity/topology; P1 breadboard/meter and P2 waveform findings fixed. Chromium 320/390/1280, 24px/theme checks pass. Small SVG labels supplemented by zoom link and selectable transcript."
D02-2,week1/day02.html,401,SVG d02-2.svg,breadboard_pinout_physical,Cao,high_verify_connections_and_model,redrawn_svg_with_transcript,automated_320_390_1280_24px_pass_editorial_readability_pending,independent_source_geometry_review_hardware_pending,docs/qa/visual-technical-audit.md:week1/day02.html:401,week1/day02.html:401,Independent review of current HTML/SVG source and geometry; no ERC or hardware test.
D03-1,week1/day03.html,87,SVG d03-resistor-symbols.svg,schematic_symbol,Thấp,low_verify_readability_and_terms,redrawn_svg_with_transcript,verified_mobile_320_390_1280_24px_with_zoom_and_transcript,source_and_geometry_review_no_hardware_or_erc,docs/qa/visual-technical-audit.md:week1/day03.html:64,week1/day03.html:87,"Independent reviewer /root/p7_six_review checked polarity/topology; P1 breadboard/meter and P2 waveform findings fixed. Chromium 320/390/1280, 24px/theme checks pass. Small SVG labels supplemented by zoom link and selectable transcript."
D03-2,week1/day03.html,152,"HTML anchor id=""diagram-d03-2""",plain_reference,Thấp,low_verify_readability_and_terms,converted_accessible_html,automated_320_390_1280_24px_pass_editorial_readability_pending,editorial_content_review_hardware_pending,docs/qa/visual-technical-audit.md:week1/day03.html:127,week1/day03.html:152,Editorial check of current HTML/SVG; independent technical signoff and hardware test pending.
D03-3,week1/day03.html,183,"HTML anchor id=""diagram-d03-3""",plain_reference,Thấp,low_verify_readability_and_terms,converted_accessible_html,automated_320_390_1280_24px_pass_editorial_readability_pending,editorial_content_review_hardware_pending,docs/qa/visual-technical-audit.md:week1/day03.html:159,week1/day03.html:183,Editorial check of current HTML/SVG; independent technical signoff and hardware test pending.
D04-1,week1/day04.html,92,SVG d04-1.svg,breadboard_pinout_physical,Cao,high_verify_connections_and_model,redrawn_svg_with_transcript,automated_320_390_1280_24px_pass_editorial_readability_pending,independent_source_geometry_review_hardware_pending,docs/qa/visual-technical-audit.md:week1/day04.html:71,week1/day04.html:92,Independent review of current HTML/SVG source and geometry; no ERC or hardware test.
D05-1,week1/day05.html,77,SVG d05-1.svg,schematic_symbol,Vừa,medium_verify_topology_and_labels,redrawn_svg_with_transcript,automated_320_390_1280_24px_pass_editorial_readability_pending,independent_source_geometry_review_hardware_pending,docs/qa/visual-technical-audit.md:week1/day05.html:65,week1/day05.html:77,Independent review of current HTML/SVG source and geometry; no ERC or hardware test.
D05-2,week1/day05.html,108,SVG d05-2.svg,schematic_symbol,Vừa,medium_verify_topology_and_labels,redrawn_svg_with_transcript,automated_320_390_1280_24px_pass_editorial_readability_pending,independent_source_geometry_review_hardware_pending,docs/qa/visual-technical-audit.md:week1/day05.html:99,week1/day05.html:108,Independent review of current HTML/SVG source and geometry; no ERC or hardware test.
D05-3,week1/day05.html,171,SVG d05-3.svg,schematic_symbol,Vừa,medium_verify_topology_and_labels,redrawn_svg_with_transcript,automated_320_390_1280_24px_pass_editorial_readability_pending,independent_source_geometry_review_hardware_pending,docs/qa/visual-technical-audit.md:week1/day05.html:169,week1/day05.html:171,Independent review of current HTML/SVG source and geometry; no ERC or hardware test.
D06-1,week1/day06.html,86,SVG d06-1.svg,schematic_symbol,Vừa,medium_verify_topology_and_labels,redrawn_svg_with_transcript,automated_320_390_1280_24px_pass_editorial_readability_pending,independent_source_geometry_review_hardware_pending,docs/qa/visual-technical-audit.md:week1/day06.html:74,week1/day06.html:86,Independent review of current HTML/SVG source and geometry; no ERC or hardware test.
D06-2,week1/day06.html,111,SVG d06-2.svg,schematic_symbol,Vừa,medium_verify_topology_and_labels,redrawn_svg_with_transcript,automated_320_390_1280_24px_pass_editorial_readability_pending,independent_source_geometry_review_hardware_pending,docs/qa/visual-technical-audit.md:week1/day06.html:108,week1/day06.html:111,Independent review of current HTML/SVG source and geometry; no ERC or hardware test.
D06-3,week1/day06.html,122,SVG d06-3.svg,schematic_symbol,Vừa,medium_verify_topology_and_labels,redrawn_svg_with_transcript,automated_320_390_1280_24px_pass_editorial_readability_pending,independent_source_geometry_review_hardware_pending,docs/qa/visual-technical-audit.md:week1/day06.html:127,week1/day06.html:122,Independent review of current HTML/SVG source and geometry; no ERC or hardware test.
D06-4,week1/day06.html,155,SVG d06-4.svg,schematic_symbol,Vừa,medium_verify_topology_and_labels,redrawn_svg_with_transcript,automated_320_390_1280_24px_pass_editorial_readability_pending,independent_source_geometry_review_hardware_pending,docs/qa/visual-technical-audit.md:week1/day06.html:161,week1/day06.html:155,Independent review of current HTML/SVG source and geometry; no ERC or hardware test.
D06-5,week1/day06.html,173,SVG d06-5.svg,schematic_symbol,Vừa,medium_verify_topology_and_labels,redrawn_svg_with_transcript,automated_320_390_1280_24px_pass_editorial_readability_pending,independent_source_geometry_review_hardware_pending,docs/qa/visual-technical-audit.md:week1/day06.html:189,week1/day06.html:173,Independent review of current HTML/SVG source and geometry; no ERC or hardware test.
D07-1,week1/day07.html,155,SVG d07-1.svg,schematic_symbol,Cao,high_verify_connections_and_model,redrawn_svg_with_transcript,automated_320_390_1280_24px_pass_editorial_readability_pending,independent_source_geometry_review_hardware_pending,docs/qa/visual-technical-audit.md:week1/day07.html:143,week1/day07.html:155,Independent review of current HTML/SVG source and geometry; no ERC or hardware test.
D08-1,week2/day08.html,89,SVG d08-1.svg,breadboard_pinout_physical,Thấp,low_verify_readability_and_terms,redrawn_svg_with_transcript,automated_320_390_1280_24px_pass_editorial_readability_pending,independent_source_geometry_review_hardware_pending,docs/qa/visual-technical-audit.md:week2/day08.html:68,week2/day08.html:89,Independent review of current HTML/SVG source and geometry; no ERC or hardware test.
D08-2,week2/day08.html,142,SVG d08-2.svg,breadboard_pinout_physical,Vừa,medium_verify_topology_and_labels,redrawn_svg_with_transcript,automated_320_390_1280_24px_pass_editorial_readability_pending,independent_source_geometry_review_hardware_pending,docs/qa/visual-technical-audit.md:week2/day08.html:131,week2/day08.html:142,Independent review of current HTML/SVG source and geometry; no ERC or hardware test.
D08-3,week2/day08.html,203,SVG d08-3.svg,schematic_symbol,Vừa,medium_verify_topology_and_labels,redrawn_svg_with_transcript,automated_320_390_1280_24px_pass_editorial_readability_pending,independent_source_geometry_review_hardware_pending,docs/qa/visual-technical-audit.md:week2/day08.html:199,week2/day08.html:203,Independent review of current HTML/SVG source and geometry; no ERC or hardware test.
D09-1,week2/day09.html,76,SVG d09-1.svg,schematic_symbol,Vừa,medium_verify_topology_and_labels,redrawn_svg_with_transcript,automated_320_390_1280_24px_pass_editorial_readability_pending,independent_source_geometry_review_hardware_pending,docs/qa/visual-technical-audit.md:week2/day09.html:64,week2/day09.html:76,Independent review of current HTML/SVG source and geometry; no ERC or hardware test.
D10-1,week2/day10.html,85,"HTML anchor id=""diagram-d10-1""",plain_reference,Vừa,medium_verify_topology_and_labels,converted_accessible_html,automated_320_390_1280_24px_pass_editorial_readability_pending,editorial_content_review_hardware_pending,docs/qa/visual-technical-audit.md:week2/day10.html:63,week2/day10.html:85,Editorial check of current HTML/SVG; independent technical signoff and hardware test pending.
D10-2,week2/day10.html,169,SVG d10-2.svg,schematic_symbol,Cao,high_verify_connections_and_model,redrawn_svg_with_transcript,automated_320_390_1280_24px_pass_editorial_readability_pending,independent_source_geometry_review_hardware_pending,docs/qa/visual-technical-audit.md:week2/day10.html:146,week2/day10.html:169,Independent review of current HTML/SVG source and geometry; no ERC or hardware test.
D11-1,week2/day11.html,76,SVG d11-1.svg,schematic_symbol,Vừa,medium_verify_topology_and_labels,redrawn_svg_with_transcript,automated_320_390_1280_24px_pass_editorial_readability_pending,editorial_content_review_hardware_pending,docs/qa/visual-technical-audit.md:week2/day11.html:64,week2/day11.html:76,Editorial check of current HTML/SVG; independent technical signoff and hardware test pending.
D11-2,week2/day11.html,126,SVG d11-2.svg,schematic_symbol,Cao,high_verify_connections_and_model,redrawn_svg_with_transcript,automated_320_390_1280_24px_pass_editorial_readability_pending,independent_source_geometry_review_hardware_pending,docs/qa/visual-technical-audit.md:week2/day11.html:122,week2/day11.html:126,Independent review of current HTML/SVG source and geometry; no ERC or hardware test.
D11-3,week2/day11.html,134,SVG d11-3.svg,schematic_symbol,Cao,high_verify_connections_and_model,redrawn_svg_with_transcript,automated_320_390_1280_24px_pass_editorial_readability_pending,independent_source_geometry_review_hardware_pending,docs/qa/visual-technical-audit.md:week2/day11.html:139,week2/day11.html:134,Independent review of current HTML/SVG source and geometry; no ERC or hardware test.
D12-1,week2/day12.html,77,SVG d12-1.svg,schematic_symbol,Cao,high_verify_connections_and_model,redrawn_svg_with_transcript,automated_320_390_1280_24px_pass_editorial_readability_pending,independent_source_geometry_review_hardware_pending,docs/qa/visual-technical-audit.md:week2/day12.html:65,week2/day12.html:77,Independent review of current HTML/SVG source and geometry; no ERC or hardware test.
D12-2,week2/day12.html,133,SVG d12-2.svg,schematic_symbol,Cao,high_verify_connections_and_model,redrawn_svg_with_transcript,automated_320_390_1280_24px_pass_editorial_readability_pending,independent_source_geometry_review_hardware_pending,docs/qa/visual-technical-audit.md:week2/day12.html:129,week2/day12.html:133,Independent review of current HTML/SVG source and geometry; no ERC or hardware test.
D13-1,week2/day13.html,98,SVG d13-1.svg,breadboard_pinout_physical,Cao,high_verify_connections_and_model,redrawn_svg_with_transcript,automated_320_390_1280_24px_pass_editorial_readability_pending,editorial_content_review_hardware_pending,docs/qa/visual-technical-audit.md:week2/day13.html:86,week2/day13.html:98,Editorial check of current HTML/SVG; independent technical signoff and hardware test pending.
D13-2,week2/day13.html,136,SVG d13-2.svg,breadboard_pinout_physical,Cao,high_verify_connections_and_model,redrawn_svg_with_transcript,automated_320_390_1280_24px_pass_editorial_readability_pending,editorial_content_review_hardware_pending,docs/qa/visual-technical-audit.md:week2/day13.html:136,week2/day13.html:136,Editorial check of current HTML/SVG; independent technical signoff and hardware test pending.
D14-1,week2/day14.html,87,SVG d14-1.svg,schematic_symbol,Cao,high_verify_connections_and_model,redrawn_svg_with_transcript,automated_320_390_1280_24px_pass_editorial_readability_pending,independent_source_geometry_review_hardware_pending,docs/qa/visual-technical-audit.md:week2/day14.html:73,week2/day14.html:87,Independent review of current HTML/SVG source and geometry; no ERC or hardware test.
D15-1,week3/day15.html,92,SVG d15-1.svg,breadboard_pinout_physical,Cao,high_verify_connections_and_model,redrawn_svg_with_transcript,automated_320_390_1280_24px_pass_editorial_readability_pending,independent_source_geometry_review_hardware_pending,docs/qa/visual-technical-audit.md:week3/day15.html:71,week3/day15.html:92,Independent review of current HTML/SVG source and geometry; no ERC or hardware test.
D15-2,week3/day15.html,150,SVG d15-2.svg,schematic_symbol,Cao,high_verify_connections_and_model,redrawn_svg_with_transcript,automated_320_390_1280_24px_pass_editorial_readability_pending,independent_source_geometry_review_hardware_pending,docs/qa/visual-technical-audit.md:week3/day15.html:141,week3/day15.html:150,Independent review of current HTML/SVG source and geometry; no ERC or hardware test.
D16-1,week3/day16.html,85,SVG d16-1.svg,schematic_symbol,Cao,high_verify_connections_and_model,redrawn_svg_with_transcript,automated_320_390_1280_24px_pass_editorial_readability_pending,independent_source_geometry_review_hardware_pending,docs/qa/visual-technical-audit.md:week3/day16.html:73,week3/day16.html:85,Independent review of current HTML/SVG source and geometry; no ERC or hardware test. Hardware gate: Exact relay coil model/resistance and controller drive pending.
D16-2,week3/day16.html,115,SVG d16-2.svg,schematic_symbol,Cao,high_verify_connections_and_model,redrawn_svg_with_transcript,automated_320_390_1280_24px_pass_editorial_readability_pending,independent_source_geometry_review_hardware_pending,docs/qa/visual-technical-audit.md:week3/day16.html:120,week3/day16.html:115,Independent review of current HTML/SVG source and geometry; no ERC or hardware test.
D17-1,week3/day17.html,75,SVG d17-1.svg,schematic_symbol,Cao,high_verify_connections_and_model,redrawn_svg_with_transcript,automated_320_390_1280_24px_pass_editorial_readability_pending,independent_source_geometry_review_hardware_pending,docs/qa/visual-technical-audit.md:week3/day17.html:63,week3/day17.html:75,Independent review of current HTML/SVG source and geometry; no ERC or hardware test.
D18-1,week3/day18.html,90,SVG d18-1.svg,schematic_symbol,Vừa,medium_verify_topology_and_labels,redrawn_svg_with_transcript,automated_320_390_1280_24px_pass_editorial_readability_pending,editorial_content_review_hardware_pending,docs/qa/visual-technical-audit.md:week3/day18.html:69,week3/day18.html:90,Editorial check of current HTML/SVG; independent technical signoff and hardware test pending.
D18-2,week3/day18.html,134,SVG d18-2.svg,schematic_symbol,Cao,high_verify_connections_and_model,redrawn_svg_with_transcript,automated_320_390_1280_24px_pass_editorial_readability_pending,independent_source_geometry_review_hardware_pending,docs/qa/visual-technical-audit.md:week3/day18.html:124,week3/day18.html:134,"Independent review of current HTML/SVG source and geometry; no ERC or hardware test. Hardware gate: Exact 3.3V-rated MOSFET, motor stall current and diode pending; IRLZ44N direct GPIO build blocked."
D19-1,week3/day19.html,60,SVG d19-1.svg,waveform_timing,Thấp,low_verify_readability_and_terms,redrawn_svg_with_transcript,automated_320_390_1280_24px_pass_editorial_readability_pending,independent_source_geometry_review_hardware_pending,docs/qa/visual-technical-audit.md:week3/day19.html:48,week3/day19.html:60,Independent review of current HTML/SVG source and geometry; no ERC or hardware test.
D19-2,week3/day19.html,105,SVG d19-2.svg,schematic_symbol,Vừa,medium_verify_topology_and_labels,redrawn_svg_with_transcript,automated_320_390_1280_24px_pass_editorial_readability_pending,independent_source_geometry_review_hardware_pending,docs/qa/visual-technical-audit.md:week3/day19.html:101,week3/day19.html:105,Independent review of current HTML/SVG source and geometry; no ERC or hardware test.
D20-1,week3/day20.html,75,SVG d20-1.svg,breadboard_pinout_physical,Cao,high_verify_connections_and_model,redrawn_svg_with_transcript,automated_320_390_1280_24px_pass_editorial_readability_pending,independent_source_geometry_review_hardware_pending,docs/qa/visual-technical-audit.md:week3/day20.html:63,week3/day20.html:75,Independent review of current HTML/SVG source and geometry; no ERC or hardware test.
D20-2,week3/day20.html,108,SVG d20-2.svg,schematic_symbol,Cao,high_verify_connections_and_model,redrawn_svg_with_transcript,automated_320_390_1280_24px_pass_editorial_readability_pending,independent_source_geometry_review_hardware_pending,docs/qa/visual-technical-audit.md:week3/day20.html:107,week3/day20.html:108,Independent review of current HTML/SVG source and geometry; no ERC or hardware test.
D20-3,week3/day20.html,127,SVG d20-3.svg,schematic_symbol,Cao,high_verify_connections_and_model,redrawn_svg_with_transcript,automated_320_390_1280_24px_pass_editorial_readability_pending,independent_source_geometry_review_hardware_pending,docs/qa/visual-technical-audit.md:week3/day20.html:130,week3/day20.html:127,Independent review of current HTML/SVG source and geometry; no ERC or hardware test.
D20-4,week3/day20.html,135,SVG d20-4.svg,schematic_symbol,Cao,high_verify_connections_and_model,redrawn_svg_with_transcript,automated_320_390_1280_24px_pass_editorial_readability_pending,independent_source_geometry_review_hardware_pending,docs/qa/visual-technical-audit.md:week3/day20.html:141,week3/day20.html:135,Independent review of current HTML/SVG source and geometry; no ERC or hardware test.
D21-1,week3/day21.html,85,SVG d21-1.svg,schematic_symbol,Vừa,medium_verify_topology_and_labels,redrawn_svg_with_transcript,automated_320_390_1280_24px_pass_editorial_readability_pending,independent_source_geometry_review_hardware_pending,docs/qa/visual-technical-audit.md:week3/day21.html:73,week3/day21.html:85,Independent review of current HTML/SVG source and geometry; no ERC or hardware test. Hardware gate: Comparator hysteresis/threshold and hardware reviewer pending; simulation only.
D21-2,week3/day21.html,93,SVG d21-2.svg,schematic_symbol,Vừa,medium_verify_topology_and_labels,redrawn_svg_with_transcript,automated_320_390_1280_24px_pass_editorial_readability_pending,independent_source_geometry_review_hardware_pending,docs/qa/visual-technical-audit.md:week3/day21.html:88,week3/day21.html:93,"Independent review of current HTML/SVG source and geometry; no ERC or hardware test. Hardware gate: Relay hysteresis, coil and fan hardware pending; simulation only."
D22-1,week4/day22.html,74,SVG d22-1.svg,schematic_symbol,Vừa,medium_verify_topology_and_labels,redrawn_svg_with_transcript,automated_320_390_1280_24px_pass_editorial_readability_pending,editorial_content_review_hardware_pending,docs/qa/visual-technical-audit.md:week4/day22.html:62,week4/day22.html:74,Editorial check of current HTML/SVG; independent technical signoff and hardware test pending.
D22-2,week4/day22.html,98,SVG d22-2.svg,waveform_timing,Thấp,low_verify_readability_and_terms,redrawn_svg_with_transcript,automated_320_390_1280_24px_pass_editorial_readability_pending,editorial_content_review_hardware_pending,docs/qa/visual-technical-audit.md:week4/day22.html:90,week4/day22.html:98,Editorial check of current HTML/SVG; independent technical signoff and hardware test pending.
D22-3,week4/day22.html,111,SVG d22-3.svg,schematic_symbol,Cao,high_verify_connections_and_model,redrawn_svg_with_transcript,automated_320_390_1280_24px_pass_editorial_readability_pending,independent_source_geometry_review_hardware_pending,docs/qa/visual-technical-audit.md:week4/day22.html:113,week4/day22.html:111,Independent review of current HTML/SVG source and geometry; no ERC or hardware test. Hardware gate: Divider assumes 4.75-5.25V TX source and 5% resistors; verify actual boards and VIH.
D23-1,week4/day23.html,80,SVG d23-1.svg,schematic_symbol,Cao,high_verify_connections_and_model,redrawn_svg_with_transcript,automated_320_390_1280_24px_pass_editorial_readability_pending,independent_source_geometry_review_hardware_pending,docs/qa/visual-technical-audit.md:week4/day23.html:68,week4/day23.html:80,Independent review of current HTML/SVG source and geometry; no ERC or hardware test.
D23-2,week4/day23.html,109,SVG d23-2.svg,waveform_timing,Vừa,medium_verify_topology_and_labels,redrawn_svg_with_transcript,automated_320_390_1280_24px_pass_editorial_readability_pending,editorial_content_review_hardware_pending,docs/qa/visual-technical-audit.md:week4/day23.html:103,week4/day23.html:109,Editorial check of current HTML/SVG; independent technical signoff and hardware test pending.
D24-1,week4/day24.html,74,SVG d24-1.svg,schematic_symbol,Vừa,medium_verify_topology_and_labels,redrawn_svg_with_transcript,automated_320_390_1280_24px_pass_editorial_readability_pending,independent_source_geometry_review_hardware_pending,docs/qa/visual-technical-audit.md:week4/day24.html:62,week4/day24.html:74,Independent review of current HTML/SVG source and geometry; no ERC or hardware test. Hardware gate: Exact SD breakout regulator/level-shift revision pending for Uno 5V.
D26-1,week4/day26.html,105,SVG d26-1.svg,schematic_symbol,Vừa,medium_verify_topology_and_labels,redrawn_svg_with_transcript,automated_320_390_1280_24px_pass_editorial_readability_pending,independent_source_geometry_review_hardware_pending,docs/qa/visual-technical-audit.md:week4/day26.html:93,week4/day26.html:105,Independent review of current HTML/SVG source and geometry; no ERC or hardware test.
D27-1,week4/day27.html,82,SVG d27-1.svg,breadboard_pinout_physical,Cao,high_verify_connections_and_model,redrawn_svg_with_transcript,automated_320_390_1280_24px_pass_editorial_readability_pending,independent_source_geometry_review_hardware_pending,docs/qa/visual-technical-audit.md:week4/day27.html:61,week4/day27.html:82,Independent review of current HTML/SVG source and geometry; no ERC or hardware test.
D27-2,week4/day27.html,153,SVG d27-2.svg,breadboard_pinout_physical,Cao,high_verify_connections_and_model,redrawn_svg_with_transcript,automated_320_390_1280_24px_pass_editorial_readability_pending,independent_source_geometry_review_hardware_pending,docs/qa/visual-technical-audit.md:week4/day27.html:136,week4/day27.html:153,Independent review of current HTML/SVG source and geometry; no ERC or hardware test. Hardware gate: Exact PIR PCB/revision pinout and output level pending; no direct GPIO wiring.
D28-1,week4/day28.html,78,SVG d28-1.svg,process_system,Vừa,medium_verify_topology_and_labels,redrawn_svg_with_transcript,automated_320_390_1280_24px_pass_editorial_readability_pending,independent_source_geometry_review_hardware_pending,docs/qa/visual-technical-audit.md:week4/day28.html:66,week4/day28.html:78,Independent review of current HTML/SVG source and geometry; no ERC or hardware test.
D30-1,week5/day30.html,86,SVG d30-1.svg,breadboard_pinout_physical,Vừa,medium_verify_topology_and_labels,redrawn_svg_with_transcript,automated_320_390_1280_24px_pass_editorial_readability_pending,independent_source_geometry_review_hardware_pending,docs/qa/visual-technical-audit.md:week5/day30.html:65,week5/day30.html:86,Independent review of current HTML/SVG source and geometry; no ERC or hardware test.
D31-1,week5/day31.html,69,SVG d31-1.svg,schematic_symbol,Vừa,medium_verify_topology_and_labels,redrawn_svg_with_transcript,automated_320_390_1280_24px_pass_editorial_readability_pending,independent_source_geometry_review_hardware_pending,docs/qa/visual-technical-audit.md:week5/day31.html:57,week5/day31.html:69,Independent review of current HTML/SVG source and geometry; no ERC or hardware test.
D31-2,week5/day31.html,94,SVG d31-2.svg,schematic_symbol,Vừa,medium_verify_topology_and_labels,redrawn_svg_with_transcript,automated_320_390_1280_24px_pass_editorial_readability_pending,independent_source_geometry_review_hardware_pending,docs/qa/visual-technical-audit.md:week5/day31.html:87,week5/day31.html:94,Independent review of current HTML/SVG source and geometry; no ERC or hardware test.
D32-1,week5/day32.html,60,SVG d32-1.svg,schematic_symbol,Cao,high_verify_connections_and_model,redrawn_svg_with_transcript,automated_320_390_1280_24px_pass_editorial_readability_pending,independent_source_geometry_review_hardware_pending,docs/qa/visual-technical-audit.md:week5/day32.html:48,week5/day32.html:60,Independent review of current HTML/SVG source and geometry; no ERC or hardware test. Hardware gate: Select diode and inductor against actual LM2596 circuit current/voltage.
D33-1,week5/day33.html,64,"HTML anchor id=""diagram-d33-1""",process_system,Thấp,low_verify_readability_and_terms,converted_accessible_html,automated_320_390_1280_24px_pass_editorial_readability_pending,independent_source_geometry_review_hardware_pending,docs/qa/visual-technical-audit.md:week5/day33.html:46,week5/day33.html:64,Independent review of current HTML/SVG source and geometry; no ERC or hardware test.
D35-1,week5/day35.html,81,SVG d35-1.svg,schematic_symbol,Cao,high_verify_connections_and_model,redrawn_svg_with_transcript,automated_320_390_1280_24px_pass_editorial_readability_pending,independent_source_geometry_review_hardware_pending,docs/qa/visual-technical-audit.md:week5/day35.html:69,week5/day35.html:81,Independent review of current HTML/SVG source and geometry; no ERC or hardware test. Hardware gate: Select diode at >=1.25x VIN maximum and actual output/inductor current.
D37-1,week6/day37.html,137,SVG d37-1.svg,process_system,Thấp,low_verify_readability_and_terms,redrawn_svg_with_transcript,automated_320_390_1280_24px_pass_editorial_readability_pending,independent_source_geometry_review_hardware_pending,docs/qa/visual-technical-audit.md:week6/day37.html:125,week6/day37.html:137,Independent review of current HTML/SVG source and geometry; no ERC or hardware test.
D38-1,week6/day38.html,59,SVG d38-1.svg,schematic_symbol,Cao,high_verify_connections_and_model,redrawn_svg_with_transcript,automated_320_390_1280_24px_pass_editorial_readability_pending,independent_source_geometry_review_hardware_pending,docs/qa/visual-technical-audit.md:week6/day38.html:47,week6/day38.html:59,Independent review of current HTML/SVG source and geometry; no ERC or hardware test.
D39-1,week6/day39.html,57,SVG d39-1.svg,schematic_symbol,Cao,high_verify_connections_and_model,redrawn_svg_with_transcript,automated_320_390_1280_24px_pass_editorial_readability_pending,independent_source_geometry_review_hardware_pending,docs/qa/visual-technical-audit.md:week6/day39.html:45,week6/day39.html:57,Independent review of current HTML/SVG source and geometry; no ERC or hardware test.
D40-1,week6/day40.html,57,SVG d40-1.svg,process_system,Cao,high_verify_connections_and_model,redrawn_svg_with_transcript,automated_320_390_1280_24px_pass_editorial_readability_pending,independent_source_geometry_review_hardware_pending,docs/qa/visual-technical-audit.md:week6/day40.html:45,week6/day40.html:57,Independent review of current HTML/SVG source and geometry; no ERC or hardware test.
D41-1,week6/day41.html,89,SVG d41-1.svg,process_system,Cao,high_verify_connections_and_model,redrawn_svg_with_transcript,automated_320_390_1280_24px_pass_editorial_readability_pending,independent_source_geometry_review_hardware_pending,docs/qa/visual-technical-audit.md:week6/day41.html:68,week6/day41.html:89,Independent review of current HTML/SVG source and geometry; no ERC or hardware test. Hardware gate: TP4056 IC and protection IC sources do not certify a generic charging module.
D42-1,week6/day42.html,79,SVG d42-1.svg,process_system,Vừa,medium_verify_topology_and_labels,redrawn_svg_with_transcript,automated_320_390_1280_24px_pass_editorial_readability_pending,independent_source_geometry_review_hardware_pending,docs/qa/visual-technical-audit.md:week6/day42.html:67,week6/day42.html:79,"Independent review of current HTML/SVG source and geometry; no ERC or hardware test. Hardware gate: Integrated robot board, charger/protection, boost and loads pending exact hardware review."
D43-1,week7/day43.html,58,"HTML anchor id=""diagram-d43-1""",process_system,Thấp,low_verify_readability_and_terms,converted_accessible_html,automated_320_390_1280_24px_pass_editorial_readability_pending,independent_source_geometry_review_hardware_pending,docs/qa/visual-technical-audit.md:week7/day43.html:44,week7/day43.html:58,Independent review of current HTML/SVG source and geometry; no ERC or hardware test.
D44-1,week7/day44.html,58,"HTML anchor id=""diagram-d44-1""",plain_reference,Thấp,low_verify_readability_and_terms,converted_accessible_html,automated_320_390_1280_24px_pass_editorial_readability_pending,independent_source_geometry_review_hardware_pending,docs/qa/visual-technical-audit.md:week7/day44.html:44,week7/day44.html:58,Independent review of current HTML/SVG source and geometry; no ERC or hardware test.
D45-1,week7/day45.html,53,"HTML anchor id=""diagram-d45-1""",process_system,Thấp,low_verify_readability_and_terms,converted_accessible_html,automated_320_390_1280_24px_pass_editorial_readability_pending,independent_source_geometry_review_hardware_pending,docs/qa/visual-technical-audit.md:week7/day45.html:44,week7/day45.html:53,Independent review of current HTML/SVG source and geometry; no ERC or hardware test.
D46-1,week7/day46.html,73,"HTML anchor id=""diagram-d46-1""",plain_reference,Thấp,low_verify_readability_and_terms,converted_accessible_html,automated_320_390_1280_24px_pass_editorial_readability_pending,independent_source_geometry_review_hardware_pending,docs/qa/visual-technical-audit.md:week7/day46.html:61,week7/day46.html:73,Independent review of current HTML/SVG source and geometry; no ERC or hardware test.
D51-1,week8/day51.html,57,SVG d51-1.svg,process_system,Vừa,medium_verify_topology_and_labels,redrawn_svg_with_transcript,automated_320_390_1280_24px_pass_editorial_readability_pending,independent_source_geometry_review_hardware_pending,docs/qa/visual-technical-audit.md:week8/day51.html:45,week8/day51.html:57,Independent review of current HTML/SVG source and geometry; no ERC or hardware test.
D53-1,week8/day53.html,65,"HTML anchor id=""diagram-d53-1""",plain_reference,Vừa,medium_verify_topology_and_labels,converted_accessible_html,automated_320_390_1280_24px_pass_editorial_readability_pending,independent_source_geometry_review_hardware_pending,docs/qa/visual-technical-audit.md:week8/day53.html:44,week8/day53.html:65,Independent review of current HTML/SVG source and geometry; no ERC or hardware test.
D54-1,week8/day54.html,61,SVG d54-1.svg,schematic_symbol,Cao,high_verify_connections_and_model,redrawn_svg_with_transcript,automated_320_390_1280_24px_pass_editorial_readability_pending,independent_source_geometry_review_hardware_pending,docs/qa/visual-technical-audit.md:week8/day54.html:49,week8/day54.html:61,Independent review of current HTML/SVG source and geometry; no ERC or hardware test.
D54-2,week8/day54.html,87,SVG d54-2.svg,schematic_symbol,Cao,high_verify_connections_and_model,redrawn_svg_with_transcript,automated_320_390_1280_24px_pass_editorial_readability_pending,independent_source_geometry_review_hardware_pending,docs/qa/visual-technical-audit.md:week8/day54.html:84,week8/day54.html:87,Independent review of current HTML/SVG source and geometry; no ERC or hardware test.
D55-1,week8/day55.html,56,"HTML anchor id=""diagram-d55-1""",process_system,Thấp,low_verify_readability_and_terms,converted_accessible_html,automated_320_390_1280_24px_pass_editorial_readability_pending,independent_source_geometry_review_hardware_pending,docs/qa/visual-technical-audit.md:week8/day55.html:31,week8/day55.html:56,Independent review of current HTML/SVG source and geometry; no ERC or hardware test.
