claim_id,diagram_id,path,line,claim,source_url,source_scope,verification_status,action
C001,D01-1,week1/day01.html,184,"Hai pin 1,5 V nối tiếp cho điện áp danh định 3,0 V; nút giữa tùy mốc tham chiếu",,,needs_source,"Đối chiếu tài liệu mạch cơ bản; ghi danh định và dấu cực ở hình mới"
C002,D01-2,week1/day01.html,267,"Dòng quy ước và electron trong dây kim loại có chiều ngược nhau",,,needs_source,"Kiểm hai mũi tên trên cùng vòng kín trước khi vẽ"
C003,D01-3,week1/day01.html,324,"Power GND Signal GND và protective earth là các khái niệm khác nhau",https://www.ti.com/lit/an/slyt499/slyt499.pdf,"TI bàn AGND/DGND trong hệ mixed-signal; không định nghĩa mọi biểu tượng nối đất",partial_source,"Xác minh ký hiệu theo chuẩn sơ đồ; tách PE khỏi signal return"
C004,D01-3,week1/day01.html,334,"Power GND và Signal GND trong ESP32 có thể cần tách nhau",https://www.ti.com/lit/an/slyt499/slyt499.pdf,"TI nói tên AGND/DGND không tự quyết định phải tách plane ngoài",needs_revision,"Bỏ quy tắc chung; diễn giải theo đường hồi dòng và thiết kế cụ thể"
C005,D01-4,week1/day01.html,358,"Sóng 50 Hz có chu kỳ 20 ms; 220 V là RMS trong ví dụ điện lưới",,,needs_source,"Vẽ trục V/t có tỷ lệ nhất quán; tránh dùng lưới làm ví dụ thực hành"
C006,D01-4,week1/day01.html,347,"DC điện áp thấp không gây điện giật nguy hiểm",https://www.osha.gov/sites/default/files/2019-04/Basic_Electricity_Materials.pdf,"OSHA nêu nguy cơ phụ thuộc điều kiện và cả điện áp tương đối thấp",needs_revision,"Bỏ khẳng định an toàn tuyệt đối; nêu nguồn cách ly hạn dòng và giới hạn thực hành"
C007,D01-4,week1/day01.html,355,"50 mA AC là một ngưỡng nguy hiểm cố định; cơ thể 1000–10000 ohm",https://www.osha.gov/laws-regs/regulations/standardnumber/1910/1910.269AppC,"OSHA nêu ngưỡng phụ thuộc thời gian và điện trở cơ thể biến thiên",needs_revision,"Bỏ ngưỡng cố định và mô hình điện trở cơ thể phổ quát"
C008,D02-1,week1/day02.html,112,"Mỗi nhóm a–e và f–j cùng cột nối riêng; rail có thể ngắt",https://learn.adafruit.com/breadboards-for-beginners/breadboard-tips-and-tricks,"Hướng dẫn nhà sản xuất xác nhận rail biến thể và thử thông mạch",partial_source,"Vẽ hai nhóm tách qua rãnh; nhắc đo rail trên board thật"
C009,D03-1,week1/day03.html,84,"Biểu tượng zigzag và chữ nhật đều biểu diễn điện trở",,,needs_source,"Đối chiếu chuẩn ký hiệu IEC/IEEE trước khi gắn nhãn"
C010,D03-1,week1/day03.html,91,"Zigzag phổ biến hơn chữ nhật trong mọi tài liệu kỹ thuật",,,needs_revision,"Bỏ so sánh không có phạm vi/nguồn; chỉ nói giáo trình chọn một quy ước"
C011,D04-1,week1/day04.html,108,"Hình ASCII dùng ký hiệu diode/LED và dấu chân",,,needs_review,"Đối chiếu cực anode/cathode với hình linh kiện và mạch mẫu"
C012,D11-3,week2/day11.html,146,"Cầu chỉnh lưu bốn diode dẫn theo hai bán kỳ",,,needs_source,"Vẽ bốn diode đúng hướng; mô phỏng cả hai bán kỳ trước khi nghiệm thu"
C013,D13-1,week2/day13.html,97,"Pinout LM7805 TO-220 theo hướng nhìn trên hình",,,needs_exact_part,"Lấy datasheet đúng hãng/package rồi gắn nguồn và góc nhìn"
C014,D13-2,week2/day13.html,150,"Pinout AMS1117 SOT-223 theo hướng nhìn trên hình",,,needs_exact_part,"Lấy datasheet đúng hãng/package và xác minh tab"
C015,D27-1,week4/day27.html,81,"Pinout cảm biến DHT22 rời 4 chân theo mặt có lưới",,,needs_exact_part,"Phân biệt cảm biến rời và module; đối chiếu datasheet part"
C016,D27-2,week4/day27.html,155,"Pinout module HC-SR501 theo PCB",,,needs_exact_module,"Không khẳng định thứ tự chân phổ quát; kiểm nhãn PCB/revision"
C017,D41-1,week6/day41.html,88,"Module TP4056 có bảo vệ pin tích hợp",,,needs_exact_module,"Phân biệt IC sạc và IC bảo vệ; chỉ dùng ảnh/module đã xác minh"
